Tipo;Carimbo de Data/Hora;Tempo Total;Elemento;Chegando;Saindo
arrival;10/11/2025, 07:28:52.826;0.00s;1;10/11/2025, 07:28:52.826;--
arrival;10/11/2025, 07:28:53.945;0.00s;2;10/11/2025, 07:28:53.945;--
arrival;10/11/2025, 07:28:55.622;0.00s;3;10/11/2025, 07:28:55.622;--
arrival;10/11/2025, 07:28:57.384;0.00s;4;10/11/2025, 07:28:57.384;--
arrival;10/11/2025, 07:29:00.962;0.00s;5;10/11/2025, 07:29:00.962;--
arrival;10/11/2025, 07:29:04.784;0.00s;6;10/11/2025, 07:29:04.784;--
arrival;10/11/2025, 07:29:11.241;0.00s;7;10/11/2025, 07:29:11.241;--
arrival;10/11/2025, 07:29:12.945;0.00s;8;10/11/2025, 07:29:12.945;--
arrival;10/11/2025, 07:29:20.780;0.00s;9;10/11/2025, 07:29:20.780;--
arrival;10/11/2025, 07:29:34.080;0.00s;10;10/11/2025, 07:29:34.080;--
arrival;10/11/2025, 07:29:37.140;0.00s;11;10/11/2025, 07:29:37.140;--
arrival;10/11/2025, 07:29:38.982;0.00s;12;10/11/2025, 07:29:38.982;--
arrival;10/11/2025, 07:29:40.693;0.00s;13;10/11/2025, 07:29:40.693;--
arrival;10/11/2025, 07:29:41.555;0.00s;14;10/11/2025, 07:29:41.555;--
arrival;10/11/2025, 07:29:42.153;0.00s;15;10/11/2025, 07:29:42.153;--
arrival;10/11/2025, 07:29:42.780;0.00s;16;10/11/2025, 07:29:42.780;--
arrival;10/11/2025, 07:29:43.387;0.00s;17;10/11/2025, 07:29:43.387;--
arrival;10/11/2025, 07:29:43.995;0.00s;18;10/11/2025, 07:29:43.995;--
arrival;10/11/2025, 07:29:44.582;0.00s;19;10/11/2025, 07:29:44.582;--
arrival;10/11/2025, 07:29:45.428;0.00s;20;10/11/2025, 07:29:45.428;--
arrival;10/11/2025, 07:29:46.035;0.00s;21;10/11/2025, 07:29:46.035;--
arrival;10/11/2025, 07:29:48.333;0.00s;22;10/11/2025, 07:29:48.333;--
arrival;10/11/2025, 07:29:48.788;0.00s;23;10/11/2025, 07:29:48.788;--
arrival;10/11/2025, 07:29:50.723;0.00s;24;10/11/2025, 07:29:50.723;--
arrival;10/11/2025, 07:29:51.506;0.00s;25;10/11/2025, 07:29:51.506;--
arrival;10/11/2025, 07:30:22.130;0.00s;26;10/11/2025, 07:30:22.130;--
arrival;10/11/2025, 07:30:22.911;0.00s;27;10/11/2025, 07:30:22.911;--
arrival;10/11/2025, 07:30:30.290;0.00s;28;10/11/2025, 07:30:30.290;--
arrival;10/11/2025, 07:30:30.692;0.00s;29;10/11/2025, 07:30:30.692;--
arrival;10/11/2025, 07:30:40.772;0.00s;30;10/11/2025, 07:30:40.772;--
arrival;10/11/2025, 07:30:41.642;0.00s;31;10/11/2025, 07:30:41.642;--
arrival;10/11/2025, 07:31:29.611;0.00s;32;10/11/2025, 07:31:29.611;--
arrival;10/11/2025, 07:31:31.174;0.00s;33;10/11/2025, 07:31:31.174;--
arrival;10/11/2025, 07:31:32.104;0.00s;34;10/11/2025, 07:31:32.104;--
arrival;10/11/2025, 07:31:37.286;0.00s;35;10/11/2025, 07:31:37.286;--
arrival;10/11/2025, 07:31:38.649;0.00s;36;10/11/2025, 07:31:38.649;--
arrival;10/11/2025, 07:31:43.373;0.00s;37;10/11/2025, 07:31:43.373;--
arrival;10/11/2025, 07:31:45.895;0.00s;38;10/11/2025, 07:31:45.895;--
arrival;10/11/2025, 07:31:53.475;0.00s;39;10/11/2025, 07:31:53.475;--
arrival;10/11/2025, 07:31:54.297;0.00s;40;10/11/2025, 07:31:54.297;--
arrival;10/11/2025, 07:31:55.103;0.00s;41;10/11/2025, 07:31:55.103;--
arrival;10/11/2025, 07:31:56.119;0.00s;42;10/11/2025, 07:31:56.119;--
arrival;10/11/2025, 07:32:00.673;0.00s;43;10/11/2025, 07:32:00.673;--
arrival;10/11/2025, 07:32:33.091;0.00s;44;10/11/2025, 07:32:33.091;--
arrival;10/11/2025, 07:32:33.790;0.00s;45;10/11/2025, 07:32:33.790;--
arrival;10/11/2025, 07:32:34.444;0.00s;46;10/11/2025, 07:32:34.444;--
arrival;10/11/2025, 07:32:35.296;0.00s;47;10/11/2025, 07:32:35.296;--
arrival;10/11/2025, 07:32:58.451;0.00s;48;10/11/2025, 07:32:58.451;--
arrival;10/11/2025, 07:33:22.645;0.00s;49;10/11/2025, 07:33:22.645;--
arrival;10/11/2025, 07:33:29.440;0.00s;50;10/11/2025, 07:33:29.440;--
arrival;10/11/2025, 07:33:36.503;0.00s;51;10/11/2025, 07:33:36.503;--
arrival;10/11/2025, 07:33:37.005;0.00s;52;10/11/2025, 07:33:37.005;--
arrival;10/11/2025, 07:33:46.202;0.00s;53;10/11/2025, 07:33:46.202;--
arrival;10/11/2025, 07:33:47.494;0.00s;54;10/11/2025, 07:33:47.494;--
arrival;10/11/2025, 07:34:14.847;0.00s;55;10/11/2025, 07:34:14.847;--
arrival;10/11/2025, 07:34:18.179;0.00s;56;10/11/2025, 07:34:18.179;--
arrival;10/11/2025, 07:34:27.533;0.00s;57;10/11/2025, 07:34:27.533;--
arrival;10/11/2025, 07:34:40.167;0.00s;58;10/11/2025, 07:34:40.167;--
arrival;10/11/2025, 07:34:40.795;0.00s;59;10/11/2025, 07:34:40.795;--
arrival;10/11/2025, 07:35:13.493;0.00s;60;10/11/2025, 07:35:13.493;--
arrival;10/11/2025, 07:35:23.197;0.00s;61;10/11/2025, 07:35:23.197;--
arrival;10/11/2025, 07:35:23.632;0.00s;62;10/11/2025, 07:35:23.632;--
arrival;10/11/2025, 07:35:24.164;0.00s;63;10/11/2025, 07:35:24.164;--
arrival;10/11/2025, 07:35:31.623;0.00s;64;10/11/2025, 07:35:31.623;--
arrival;10/11/2025, 07:35:37.424;0.00s;65;10/11/2025, 07:35:37.424;--
arrival;10/11/2025, 07:35:47.286;0.00s;66;10/11/2025, 07:35:47.286;--
arrival;10/11/2025, 07:36:02.833;0.00s;67;10/11/2025, 07:36:02.833;--
arrival;10/11/2025, 07:36:07.067;0.00s;68;10/11/2025, 07:36:07.067;--
arrival;10/11/2025, 07:36:13.197;0.00s;69;10/11/2025, 07:36:13.197;--
arrival;10/11/2025, 07:36:15.253;0.00s;70;10/11/2025, 07:36:15.253;--
arrival;10/11/2025, 07:36:16.156;0.00s;71;10/11/2025, 07:36:16.156;--
arrival;10/11/2025, 07:36:20.192;0.00s;72;10/11/2025, 07:36:20.192;--
arrival;10/11/2025, 07:36:31.753;0.00s;73;10/11/2025, 07:36:31.753;--
arrival;10/11/2025, 07:36:34.091;0.00s;74;10/11/2025, 07:36:34.091;--
arrival;10/11/2025, 07:37:23.084;0.00s;75;10/11/2025, 07:37:23.084;--
arrival;10/11/2025, 07:37:23.772;0.00s;76;10/11/2025, 07:37:23.772;--
arrival;10/11/2025, 07:37:24.452;0.00s;77;10/11/2025, 07:37:24.452;--
arrival;10/11/2025, 07:37:25.177;0.00s;78;10/11/2025, 07:37:25.177;--
arrival;10/11/2025, 07:37:25.833;0.00s;79;10/11/2025, 07:37:25.833;--
arrival;10/11/2025, 07:37:30.456;0.00s;80;10/11/2025, 07:37:30.456;--
arrival;10/11/2025, 07:38:03.064;0.00s;81;10/11/2025, 07:38:03.064;--
arrival;10/11/2025, 07:38:04.183;0.00s;82;10/11/2025, 07:38:04.183;--
arrival;10/11/2025, 07:38:09.855;0.00s;83;10/11/2025, 07:38:09.855;--
arrival;10/11/2025, 07:38:43.626;0.00s;84;10/11/2025, 07:38:43.626;--
arrival;10/11/2025, 07:39:04.774;0.00s;85;10/11/2025, 07:39:04.774;--
arrival;10/11/2025, 07:39:07.184;0.00s;86;10/11/2025, 07:39:07.184;--
arrival;10/11/2025, 07:39:18.565;0.00s;87;10/11/2025, 07:39:18.565;--
arrival;10/11/2025, 07:39:21.389;0.00s;88;10/11/2025, 07:39:21.389;--
arrival;10/11/2025, 07:39:22.380;0.00s;89;10/11/2025, 07:39:22.380;--
arrival;10/11/2025, 07:39:23.945;0.00s;90;10/11/2025, 07:39:23.945;--
arrival;10/11/2025, 07:39:25.862;0.00s;91;10/11/2025, 07:39:25.862;--
arrival;10/11/2025, 07:39:29.475;0.00s;92;10/11/2025, 07:39:29.475;--
arrival;10/11/2025, 07:39:30.427;0.00s;93;10/11/2025, 07:39:30.427;--
arrival;10/11/2025, 07:39:44.960;0.00s;94;10/11/2025, 07:39:44.960;--
arrival;10/11/2025, 07:40:02.367;0.00s;95;10/11/2025, 07:40:02.367;--
arrival;10/11/2025, 07:40:07.088;0.00s;96;10/11/2025, 07:40:07.088;--
arrival;10/11/2025, 07:40:07.982;0.00s;97;10/11/2025, 07:40:07.982;--
arrival;10/11/2025, 07:40:09.619;0.00s;98;10/11/2025, 07:40:09.619;--
arrival;10/11/2025, 07:40:14.320;0.00s;99;10/11/2025, 07:40:14.320;--
arrival;10/11/2025, 07:40:44.581;0.00s;100;10/11/2025, 07:40:44.581;--
arrival;10/11/2025, 07:41:34.949;0.00s;101;10/11/2025, 07:41:34.949;--
arrival;10/11/2025, 07:41:38.998;0.00s;102;10/11/2025, 07:41:38.998;--
arrival;10/11/2025, 07:41:41.163;0.00s;103;10/11/2025, 07:41:41.163;--
arrival;10/11/2025, 07:41:43.948;0.00s;104;10/11/2025, 07:41:43.948;--
arrival;10/11/2025, 07:41:44.577;0.00s;105;10/11/2025, 07:41:44.577;--
arrival;10/11/2025, 07:41:45.349;0.00s;106;10/11/2025, 07:41:45.349;--
arrival;10/11/2025, 07:41:49.179;0.00s;107;10/11/2025, 07:41:49.179;--
arrival;10/11/2025, 07:41:51.898;0.00s;108;10/11/2025, 07:41:51.898;--
arrival;10/11/2025, 07:41:59.916;0.00s;109;10/11/2025, 07:41:59.916;--
arrival;10/11/2025, 07:42:05.360;0.00s;110;10/11/2025, 07:42:05.360;--
arrival;10/11/2025, 07:42:06.527;0.00s;111;10/11/2025, 07:42:06.527;--
arrival;10/11/2025, 07:42:07.908;0.00s;112;10/11/2025, 07:42:07.908;--
arrival;10/11/2025, 07:42:10.776;0.00s;113;10/11/2025, 07:42:10.776;--
arrival;10/11/2025, 07:42:29.669;0.00s;114;10/11/2025, 07:42:29.669;--
arrival;10/11/2025, 07:43:17.035;0.00s;115;10/11/2025, 07:43:17.035;--
arrival;10/11/2025, 07:43:42.099;0.00s;116;10/11/2025, 07:43:42.099;--
arrival;10/11/2025, 07:43:49.951;0.00s;117;10/11/2025, 07:43:49.951;--
arrival;10/11/2025, 07:43:51.850;0.00s;118;10/11/2025, 07:43:51.850;--
arrival;10/11/2025, 07:43:55.749;0.00s;119;10/11/2025, 07:43:55.749;--
arrival;10/11/2025, 07:43:58.388;0.00s;120;10/11/2025, 07:43:58.388;--
arrival;10/11/2025, 07:44:00.737;0.00s;121;10/11/2025, 07:44:00.737;--
arrival;10/11/2025, 07:44:04.433;0.00s;122;10/11/2025, 07:44:04.433;--
arrival;10/11/2025, 07:44:12.283;0.00s;123;10/11/2025, 07:44:12.283;--
arrival;10/11/2025, 07:44:35.027;0.00s;124;10/11/2025, 07:44:35.027;--
arrival;10/11/2025, 07:45:11.594;0.00s;125;10/11/2025, 07:45:11.594;--
arrival;10/11/2025, 07:45:13.065;0.00s;126;10/11/2025, 07:45:13.065;--
arrival;10/11/2025, 07:45:15.575;0.00s;127;10/11/2025, 07:45:15.575;--
arrival;10/11/2025, 07:45:18.457;0.00s;128;10/11/2025, 07:45:18.457;--
arrival;10/11/2025, 07:45:21.715;0.00s;129;10/11/2025, 07:45:21.715;--
arrival;10/11/2025, 07:45:41.127;0.00s;130;10/11/2025, 07:45:41.127;--
arrival;10/11/2025, 07:45:52.553;0.00s;131;10/11/2025, 07:45:52.553;--
arrival;10/11/2025, 07:46:01.006;0.00s;132;10/11/2025, 07:46:01.006;--
arrival;10/11/2025, 07:46:03.605;0.00s;133;10/11/2025, 07:46:03.605;--
arrival;10/11/2025, 07:46:34.747;0.00s;134;10/11/2025, 07:46:34.747;--
arrival;10/11/2025, 07:46:49.868;0.00s;135;10/11/2025, 07:46:49.868;--
arrival;10/11/2025, 07:46:50.470;0.00s;136;10/11/2025, 07:46:50.470;--
arrival;10/11/2025, 07:47:10.682;0.00s;137;10/11/2025, 07:47:10.682;--
arrival;10/11/2025, 07:47:11.224;0.00s;138;10/11/2025, 07:47:11.224;--
arrival;10/11/2025, 07:47:11.658;0.00s;139;10/11/2025, 07:47:11.658;--
arrival;10/11/2025, 07:47:19.009;0.00s;140;10/11/2025, 07:47:19.009;--
arrival;10/11/2025, 07:47:20.022;0.00s;141;10/11/2025, 07:47:20.022;--
arrival;10/11/2025, 07:47:46.776;0.00s;142;10/11/2025, 07:47:46.776;--
arrival;10/11/2025, 07:47:48.271;0.00s;143;10/11/2025, 07:47:48.271;--
arrival;10/11/2025, 07:47:50.893;0.00s;144;10/11/2025, 07:47:50.893;--
arrival;10/11/2025, 07:48:09.944;0.00s;145;10/11/2025, 07:48:09.944;--
arrival;10/11/2025, 07:48:11.743;0.00s;146;10/11/2025, 07:48:11.743;--
arrival;10/11/2025, 07:48:14.191;0.00s;147;10/11/2025, 07:48:14.191;--
arrival;10/11/2025, 07:48:27.742;0.00s;148;10/11/2025, 07:48:27.742;--
arrival;10/11/2025, 07:49:15.067;0.00s;149;10/11/2025, 07:49:15.067;--
arrival;10/11/2025, 07:49:17.885;0.00s;150;10/11/2025, 07:49:17.885;--
arrival;10/11/2025, 07:49:19.049;0.00s;151;10/11/2025, 07:49:19.049;--
arrival;10/11/2025, 07:49:20.014;0.00s;152;10/11/2025, 07:49:20.014;--
arrival;10/11/2025, 07:49:20.741;0.00s;153;10/11/2025, 07:49:20.741;--
arrival;10/11/2025, 07:49:29.321;0.00s;154;10/11/2025, 07:49:29.321;--
arrival;10/11/2025, 07:49:36.023;0.00s;155;10/11/2025, 07:49:36.023;--
arrival;10/11/2025, 07:49:55.203;0.00s;156;10/11/2025, 07:49:55.203;--
arrival;10/11/2025, 07:50:05.854;0.00s;157;10/11/2025, 07:50:05.854;--
arrival;10/11/2025, 07:50:07.003;0.00s;158;10/11/2025, 07:50:07.003;--
arrival;10/11/2025, 07:50:40.919;0.00s;159;10/11/2025, 07:50:40.919;--
arrival;10/11/2025, 07:50:44.546;0.00s;160;10/11/2025, 07:50:44.546;--
arrival;10/11/2025, 07:50:46.226;0.00s;161;10/11/2025, 07:50:46.226;--
arrival;10/11/2025, 07:51:12.081;0.00s;162;10/11/2025, 07:51:12.081;--
arrival;10/11/2025, 07:51:19.113;0.00s;163;10/11/2025, 07:51:19.113;--
arrival;10/11/2025, 07:51:19.919;0.00s;164;10/11/2025, 07:51:19.919;--
arrival;10/11/2025, 07:51:34.286;0.00s;165;10/11/2025, 07:51:34.286;--
arrival;10/11/2025, 07:51:39.092;0.00s;166;10/11/2025, 07:51:39.092;--
arrival;10/11/2025, 07:51:42.166;0.00s;167;10/11/2025, 07:51:42.166;--
arrival;10/11/2025, 07:51:52.586;0.00s;168;10/11/2025, 07:51:52.586;--
arrival;10/11/2025, 07:52:22.105;0.00s;169;10/11/2025, 07:52:22.105;--
arrival;10/11/2025, 07:52:22.528;0.00s;170;10/11/2025, 07:52:22.528;--
arrival;10/11/2025, 07:53:12.491;0.00s;171;10/11/2025, 07:53:12.491;--
arrival;10/11/2025, 07:53:18.562;0.00s;172;10/11/2025, 07:53:18.562;--
arrival;10/11/2025, 07:53:23.963;0.00s;173;10/11/2025, 07:53:23.963;--
arrival;10/11/2025, 07:53:24.852;0.00s;174;10/11/2025, 07:53:24.852;--
arrival;10/11/2025, 07:53:25.551;0.00s;175;10/11/2025, 07:53:25.551;--
arrival;10/11/2025, 07:53:26.222;0.00s;176;10/11/2025, 07:53:26.222;--
arrival;10/11/2025, 07:53:32.198;0.00s;177;10/11/2025, 07:53:32.198;--
arrival;10/11/2025, 07:53:41.919;0.00s;178;10/11/2025, 07:53:41.919;--
arrival;10/11/2025, 07:53:42.248;0.00s;179;10/11/2025, 07:53:42.248;--
arrival;10/11/2025, 07:54:05.397;0.00s;180;10/11/2025, 07:54:05.397;--
arrival;10/11/2025, 07:54:19.392;0.00s;181;10/11/2025, 07:54:19.392;--
arrival;10/11/2025, 07:54:20.104;0.00s;182;10/11/2025, 07:54:20.104;--
arrival;10/11/2025, 07:55:05.657;0.00s;183;10/11/2025, 07:55:05.657;--
arrival;10/11/2025, 07:55:13.409;0.00s;184;10/11/2025, 07:55:13.409;--
arrival;10/11/2025, 07:55:15.143;0.00s;185;10/11/2025, 07:55:15.143;--
arrival;10/11/2025, 07:55:29.126;0.00s;186;10/11/2025, 07:55:29.126;--
arrival;10/11/2025, 07:55:39.333;0.00s;187;10/11/2025, 07:55:39.333;--
arrival;10/11/2025, 07:55:40.504;0.00s;188;10/11/2025, 07:55:40.504;--
arrival;10/11/2025, 07:55:47.051;0.00s;189;10/11/2025, 07:55:47.051;--
arrival;10/11/2025, 07:55:51.546;0.00s;190;10/11/2025, 07:55:51.546;--
arrival;10/11/2025, 07:56:18.948;0.00s;191;10/11/2025, 07:56:18.948;--
arrival;10/11/2025, 07:57:08.653;0.00s;192;10/11/2025, 07:57:08.653;--
arrival;10/11/2025, 07:57:10.576;0.00s;193;10/11/2025, 07:57:10.576;--
arrival;10/11/2025, 07:57:12.302;0.00s;194;10/11/2025, 07:57:12.302;--
arrival;10/11/2025, 07:57:13.436;0.00s;195;10/11/2025, 07:57:13.436;--
arrival;10/11/2025, 07:57:14.336;0.00s;196;10/11/2025, 07:57:14.336;--
arrival;10/11/2025, 07:57:15.217;0.00s;197;10/11/2025, 07:57:15.217;--
arrival;10/11/2025, 07:57:15.844;0.00s;198;10/11/2025, 07:57:15.844;--
arrival;10/11/2025, 07:57:22.773;0.00s;199;10/11/2025, 07:57:22.773;--
arrival;10/11/2025, 07:57:37.945;0.00s;200;10/11/2025, 07:57:37.945;--
arrival;10/11/2025, 07:57:42.905;0.00s;201;10/11/2025, 07:57:42.905;--
arrival;10/11/2025, 07:57:43.964;0.00s;202;10/11/2025, 07:57:43.964;--
arrival;10/11/2025, 07:57:44.580;0.00s;203;10/11/2025, 07:57:44.580;--
arrival;10/11/2025, 07:57:45.533;0.00s;204;10/11/2025, 07:57:45.533;--
arrival;10/11/2025, 07:57:58.522;0.00s;205;10/11/2025, 07:57:58.522;--
arrival;10/11/2025, 07:58:09.776;0.00s;206;10/11/2025, 07:58:09.776;--
arrival;10/11/2025, 07:58:20.857;0.00s;207;10/11/2025, 07:58:20.857;--
arrival;10/11/2025, 07:58:34.590;0.00s;208;10/11/2025, 07:58:34.590;--
arrival;10/11/2025, 07:59:04.581;0.00s;209;10/11/2025, 07:59:04.581;--
arrival;10/11/2025, 07:59:07.772;0.00s;210;10/11/2025, 07:59:07.772;--
arrival;10/11/2025, 07:59:08.980;0.00s;211;10/11/2025, 07:59:08.980;--
arrival;10/11/2025, 07:59:11.750;0.00s;212;10/11/2025, 07:59:11.750;--
arrival;10/11/2025, 07:59:13.055;0.00s;213;10/11/2025, 07:59:13.055;--
arrival;10/11/2025, 07:59:14.712;0.00s;214;10/11/2025, 07:59:14.712;--
arrival;10/11/2025, 07:59:15.762;0.00s;215;10/11/2025, 07:59:15.762;--
arrival;10/11/2025, 07:59:20.578;0.00s;216;10/11/2025, 07:59:20.578;--
arrival;10/11/2025, 07:59:21.623;0.00s;217;10/11/2025, 07:59:21.623;--
arrival;10/11/2025, 07:59:22.782;0.00s;218;10/11/2025, 07:59:22.782;--
arrival;10/11/2025, 07:59:24.424;0.00s;219;10/11/2025, 07:59:24.424;--
arrival;10/11/2025, 07:59:26.778;0.00s;220;10/11/2025, 07:59:26.778;--
arrival;10/11/2025, 07:59:44.605;0.00s;221;10/11/2025, 07:59:44.605;--
arrival;10/11/2025, 07:59:48.451;0.00s;222;10/11/2025, 07:59:48.451;--
arrival;10/11/2025, 08:00:05.834;0.00s;223;10/11/2025, 08:00:05.834;--
arrival;10/11/2025, 08:00:52.616;0.00s;224;10/11/2025, 08:00:52.616;--
arrival;10/11/2025, 08:01:04.323;0.00s;225;10/11/2025, 08:01:04.323;--
arrival;10/11/2025, 08:01:06.484;0.00s;226;10/11/2025, 08:01:06.484;--
arrival;10/11/2025, 08:01:10.989;0.00s;227;10/11/2025, 08:01:10.989;--
arrival;10/11/2025, 08:01:16.070;0.00s;228;10/11/2025, 08:01:16.070;--
arrival;10/11/2025, 08:01:19.774;0.00s;229;10/11/2025, 08:01:19.774;--
arrival;10/11/2025, 08:01:27.927;0.00s;230;10/11/2025, 08:01:27.927;--
arrival;10/11/2025, 08:01:55.793;0.00s;231;10/11/2025, 08:01:55.793;--
arrival;10/11/2025, 08:01:58.738;0.00s;232;10/11/2025, 08:01:58.738;--
arrival;10/11/2025, 08:01:59.730;0.00s;233;10/11/2025, 08:01:59.730;--
arrival;10/11/2025, 08:02:13.797;0.00s;234;10/11/2025, 08:02:13.797;--
arrival;10/11/2025, 08:02:26.764;0.00s;235;10/11/2025, 08:02:26.764;--
arrival;10/11/2025, 08:02:45.341;0.00s;236;10/11/2025, 08:02:45.341;--
arrival;10/11/2025, 08:03:03.816;0.00s;237;10/11/2025, 08:03:03.816;--
arrival;10/11/2025, 08:03:06.273;0.00s;238;10/11/2025, 08:03:06.273;--
arrival;10/11/2025, 08:03:08.950;0.00s;239;10/11/2025, 08:03:08.950;--
arrival;10/11/2025, 08:03:12.147;0.00s;240;10/11/2025, 08:03:12.147;--
arrival;10/11/2025, 08:03:15.257;0.00s;241;10/11/2025, 08:03:15.257;--
arrival;10/11/2025, 08:03:16.594;0.00s;242;10/11/2025, 08:03:16.594;--
arrival;10/11/2025, 08:03:17.636;0.00s;243;10/11/2025, 08:03:17.636;--
arrival;10/11/2025, 08:03:23.979;0.00s;244;10/11/2025, 08:03:23.979;--
arrival;10/11/2025, 08:03:24.201;0.00s;245;10/11/2025, 08:03:24.201;--
arrival;10/11/2025, 08:03:32.502;0.00s;246;10/11/2025, 08:03:32.502;--
arrival;10/11/2025, 08:03:34.058;0.00s;247;10/11/2025, 08:03:34.058;--
arrival;10/11/2025, 08:03:41.806;0.00s;248;10/11/2025, 08:03:41.806;--
arrival;10/11/2025, 08:03:44.164;0.00s;249;10/11/2025, 08:03:44.164;--
arrival;10/11/2025, 08:04:08.668;0.00s;250;10/11/2025, 08:04:08.668;--
arrival;10/11/2025, 08:04:20.037;0.00s;251;10/11/2025, 08:04:20.037;--
arrival;10/11/2025, 08:05:04.027;0.00s;252;10/11/2025, 08:05:04.027;--
arrival;10/11/2025, 08:05:05.883;0.00s;253;10/11/2025, 08:05:05.883;--
arrival;10/11/2025, 08:05:06.586;0.00s;254;10/11/2025, 08:05:06.586;--
arrival;10/11/2025, 08:05:07.185;0.00s;255;10/11/2025, 08:05:07.185;--
arrival;10/11/2025, 08:05:16.622;0.00s;256;10/11/2025, 08:05:16.622;--
arrival;10/11/2025, 08:05:17.525;0.00s;257;10/11/2025, 08:05:17.525;--
arrival;10/11/2025, 08:05:18.589;0.00s;258;10/11/2025, 08:05:18.589;--
arrival;10/11/2025, 08:05:20.334;0.00s;259;10/11/2025, 08:05:20.334;--
arrival;10/11/2025, 08:05:21.056;0.00s;260;10/11/2025, 08:05:21.056;--
arrival;10/11/2025, 08:05:21.736;0.00s;261;10/11/2025, 08:05:21.736;--
arrival;10/11/2025, 08:05:22.306;0.00s;262;10/11/2025, 08:05:22.306;--
arrival;10/11/2025, 08:05:32.469;0.00s;263;10/11/2025, 08:05:32.469;--
arrival;10/11/2025, 08:05:39.732;0.00s;264;10/11/2025, 08:05:39.732;--
arrival;10/11/2025, 08:05:41.575;0.00s;265;10/11/2025, 08:05:41.575;--
arrival;10/11/2025, 08:05:56.758;0.00s;266;10/11/2025, 08:05:56.758;--
arrival;10/11/2025, 08:05:59.987;0.00s;267;10/11/2025, 08:05:59.987;--
arrival;10/11/2025, 08:06:20.479;0.00s;268;10/11/2025, 08:06:20.479;--
arrival;10/11/2025, 08:06:20.722;0.00s;269;10/11/2025, 08:06:20.722;--
arrival;10/11/2025, 08:06:38.939;0.00s;270;10/11/2025, 08:06:38.939;--
arrival;10/11/2025, 08:07:07.425;0.00s;271;10/11/2025, 08:07:07.425;--
arrival;10/11/2025, 08:07:08.249;0.00s;272;10/11/2025, 08:07:08.249;--
arrival;10/11/2025, 08:07:18.886;0.00s;273;10/11/2025, 08:07:18.886;--
arrival;10/11/2025, 08:07:24.939;0.00s;274;10/11/2025, 08:07:24.939;--
arrival;10/11/2025, 08:07:49.950;0.00s;275;10/11/2025, 08:07:49.950;--
arrival;10/11/2025, 08:08:03.789;0.00s;276;10/11/2025, 08:08:03.789;--
arrival;10/11/2025, 08:08:14.809;0.00s;277;10/11/2025, 08:08:14.809;--
arrival;10/11/2025, 08:08:15.331;0.00s;278;10/11/2025, 08:08:15.331;--
arrival;10/11/2025, 08:08:15.825;0.00s;279;10/11/2025, 08:08:15.825;--
arrival;10/11/2025, 08:09:05.368;0.00s;280;10/11/2025, 08:09:05.368;--
arrival;10/11/2025, 08:09:13.326;0.00s;281;10/11/2025, 08:09:13.326;--
arrival;10/11/2025, 08:09:14.101;0.00s;282;10/11/2025, 08:09:14.101;--
arrival;10/11/2025, 08:09:15.137;0.00s;283;10/11/2025, 08:09:15.137;--
arrival;10/11/2025, 08:09:18.976;0.00s;284;10/11/2025, 08:09:18.976;--
arrival;10/11/2025, 08:09:20.358;0.00s;285;10/11/2025, 08:09:20.358;--
arrival;10/11/2025, 08:09:21.325;0.00s;286;10/11/2025, 08:09:21.325;--
arrival;10/11/2025, 08:09:22.188;0.00s;287;10/11/2025, 08:09:22.188;--
arrival;10/11/2025, 08:09:22.983;0.00s;288;10/11/2025, 08:09:22.983;--
arrival;10/11/2025, 08:09:37.648;0.00s;289;10/11/2025, 08:09:37.648;--
arrival;10/11/2025, 08:09:38.516;0.00s;290;10/11/2025, 08:09:38.516;--
arrival;10/11/2025, 08:09:39.611;0.00s;291;10/11/2025, 08:09:39.611;--
arrival;10/11/2025, 08:09:40.750;0.00s;292;10/11/2025, 08:09:40.750;--
arrival;10/11/2025, 08:09:41.674;0.00s;293;10/11/2025, 08:09:41.674;--
arrival;10/11/2025, 08:09:50.732;0.00s;294;10/11/2025, 08:09:50.732;--
arrival;10/11/2025, 08:09:54.799;0.00s;295;10/11/2025, 08:09:54.799;--
arrival;10/11/2025, 08:09:57.861;0.00s;296;10/11/2025, 08:09:57.861;--
arrival;10/11/2025, 08:10:19.511;0.00s;297;10/11/2025, 08:10:19.511;--
arrival;10/11/2025, 08:10:19.870;0.00s;298;10/11/2025, 08:10:19.870;--
arrival;10/11/2025, 08:10:59.578;0.00s;299;10/11/2025, 08:10:59.578;--
arrival;10/11/2025, 08:11:04.103;0.00s;300;10/11/2025, 08:11:04.103;--
arrival;10/11/2025, 08:11:05.463;0.00s;301;10/11/2025, 08:11:05.463;--
arrival;10/11/2025, 08:11:09.019;0.00s;302;10/11/2025, 08:11:09.019;--
arrival;10/11/2025, 08:11:09.909;0.00s;303;10/11/2025, 08:11:09.909;--
arrival;10/11/2025, 08:11:10.650;0.00s;304;10/11/2025, 08:11:10.650;--
arrival;10/11/2025, 08:11:11.371;0.00s;305;10/11/2025, 08:11:11.371;--
arrival;10/11/2025, 08:11:21.293;0.00s;306;10/11/2025, 08:11:21.293;--
arrival;10/11/2025, 08:11:22.303;0.00s;307;10/11/2025, 08:11:22.303;--
arrival;10/11/2025, 08:11:26.298;0.00s;308;10/11/2025, 08:11:26.298;--
arrival;10/11/2025, 08:11:56.292;0.00s;309;10/11/2025, 08:11:56.292;--
arrival;10/11/2025, 08:12:13.057;0.00s;310;10/11/2025, 08:12:13.057;--
arrival;10/11/2025, 08:13:01.867;0.00s;311;10/11/2025, 08:13:01.867;--
arrival;10/11/2025, 08:13:02.959;0.00s;312;10/11/2025, 08:13:02.959;--
arrival;10/11/2025, 08:13:04.073;0.00s;313;10/11/2025, 08:13:04.073;--
arrival;10/11/2025, 08:13:05.307;0.00s;314;10/11/2025, 08:13:05.307;--
arrival;10/11/2025, 08:13:06.262;0.00s;315;10/11/2025, 08:13:06.262;--
arrival;10/11/2025, 08:13:12.002;0.00s;316;10/11/2025, 08:13:12.002;--
arrival;10/11/2025, 08:13:20.707;0.00s;317;10/11/2025, 08:13:20.707;--
arrival;10/11/2025, 08:13:21.288;0.00s;318;10/11/2025, 08:13:21.288;--
arrival;10/11/2025, 08:13:22.315;0.00s;319;10/11/2025, 08:13:22.315;--
arrival;10/11/2025, 08:13:23.121;0.00s;320;10/11/2025, 08:13:23.121;--
arrival;10/11/2025, 08:13:33.221;0.00s;321;10/11/2025, 08:13:33.221;--
arrival;10/11/2025, 08:13:35.279;0.00s;322;10/11/2025, 08:13:35.279;--
arrival;10/11/2025, 08:13:43.414;0.00s;323;10/11/2025, 08:13:43.414;--
arrival;10/11/2025, 08:14:02.269;0.00s;324;10/11/2025, 08:14:02.269;--
arrival;10/11/2025, 08:14:12.906;0.00s;325;10/11/2025, 08:14:12.906;--
arrival;10/11/2025, 08:14:13.141;0.00s;326;10/11/2025, 08:14:13.141;--
arrival;10/11/2025, 08:14:44.300;0.00s;327;10/11/2025, 08:14:44.300;--
arrival;10/11/2025, 08:14:59.726;0.00s;328;10/11/2025, 08:14:59.726;--
arrival;10/11/2025, 08:15:00.272;0.00s;329;10/11/2025, 08:15:00.272;--
arrival;10/11/2025, 08:15:38.375;0.00s;330;10/11/2025, 08:15:38.375;--
arrival;10/11/2025, 08:15:40.137;0.00s;331;10/11/2025, 08:15:40.137;--
arrival;10/11/2025, 08:15:45.600;0.00s;332;10/11/2025, 08:15:45.600;--
arrival;10/11/2025, 08:16:15.717;0.00s;333;10/11/2025, 08:16:15.717;--
arrival;10/11/2025, 08:16:32.264;0.00s;334;10/11/2025, 08:16:32.264;--
arrival;10/11/2025, 08:16:34.396;0.00s;335;10/11/2025, 08:16:34.396;--
arrival;10/11/2025, 08:16:40.543;0.00s;336;10/11/2025, 08:16:40.543;--
arrival;10/11/2025, 08:17:01.223;0.00s;337;10/11/2025, 08:17:01.223;--
arrival;10/11/2025, 08:17:03.542;0.00s;338;10/11/2025, 08:17:03.542;--
arrival;10/11/2025, 08:17:04.290;0.00s;339;10/11/2025, 08:17:04.290;--
arrival;10/11/2025, 08:17:05.441;0.00s;340;10/11/2025, 08:17:05.441;--
arrival;10/11/2025, 08:17:09.931;0.00s;341;10/11/2025, 08:17:09.931;--
arrival;10/11/2025, 08:17:10.903;0.00s;342;10/11/2025, 08:17:10.903;--
arrival;10/11/2025, 08:17:15.533;0.00s;343;10/11/2025, 08:17:15.533;--
arrival;10/11/2025, 08:17:16.606;0.00s;344;10/11/2025, 08:17:16.606;--
arrival;10/11/2025, 08:17:17.741;0.00s;345;10/11/2025, 08:17:17.741;--
arrival;10/11/2025, 08:17:30.342;0.00s;346;10/11/2025, 08:17:30.342;--
arrival;10/11/2025, 08:17:33.954;0.00s;347;10/11/2025, 08:17:33.954;--
arrival;10/11/2025, 08:17:52.946;0.00s;348;10/11/2025, 08:17:52.946;--
arrival;10/11/2025, 08:17:59.264;0.00s;349;10/11/2025, 08:17:59.264;--
arrival;10/11/2025, 08:18:16.148;0.00s;350;10/11/2025, 08:18:16.148;--
arrival;10/11/2025, 08:18:20.706;0.00s;351;10/11/2025, 08:18:20.706;--
arrival;10/11/2025, 08:19:01.947;0.00s;352;10/11/2025, 08:19:01.947;--
arrival;10/11/2025, 08:19:02.487;0.00s;353;10/11/2025, 08:19:02.487;--
arrival;10/11/2025, 08:19:04.248;0.00s;354;10/11/2025, 08:19:04.248;--
arrival;10/11/2025, 08:19:04.884;0.00s;355;10/11/2025, 08:19:04.884;--
arrival;10/11/2025, 08:19:06.665;0.00s;356;10/11/2025, 08:19:06.665;--
arrival;10/11/2025, 08:19:07.892;0.00s;357;10/11/2025, 08:19:07.892;--
arrival;10/11/2025, 08:19:09.862;0.00s;358;10/11/2025, 08:19:09.862;--
arrival;10/11/2025, 08:19:11.210;0.00s;359;10/11/2025, 08:19:11.210;--
arrival;10/11/2025, 08:19:11.957;0.00s;360;10/11/2025, 08:19:11.957;--
arrival;10/11/2025, 08:19:12.566;0.00s;361;10/11/2025, 08:19:12.566;--
arrival;10/11/2025, 08:19:13.817;0.00s;362;10/11/2025, 08:19:13.817;--
arrival;10/11/2025, 08:19:35.111;0.00s;363;10/11/2025, 08:19:35.111;--
arrival;10/11/2025, 08:19:42.133;0.00s;364;10/11/2025, 08:19:42.133;--
arrival;10/11/2025, 08:20:04.174;0.00s;365;10/11/2025, 08:20:04.174;--
arrival;10/11/2025, 08:20:10.277;0.00s;366;10/11/2025, 08:20:10.277;--
arrival;10/11/2025, 08:20:10.934;0.00s;367;10/11/2025, 08:20:10.934;--
arrival;10/11/2025, 08:20:14.826;0.00s;368;10/11/2025, 08:20:14.826;--
arrival;10/11/2025, 08:20:56.294;0.00s;369;10/11/2025, 08:20:56.294;--
arrival;10/11/2025, 08:20:59.747;0.00s;370;10/11/2025, 08:20:59.747;--
arrival;10/11/2025, 08:21:00.341;0.00s;371;10/11/2025, 08:21:00.341;--
arrival;10/11/2025, 08:21:02.816;0.00s;372;10/11/2025, 08:21:02.816;--
arrival;10/11/2025, 08:21:04.478;0.00s;373;10/11/2025, 08:21:04.478;--
arrival;10/11/2025, 08:21:07.548;0.00s;374;10/11/2025, 08:21:07.548;--
arrival;10/11/2025, 08:21:12.703;0.00s;375;10/11/2025, 08:21:12.703;--
arrival;10/11/2025, 08:21:15.371;0.00s;376;10/11/2025, 08:21:15.371;--
arrival;10/11/2025, 08:21:15.959;0.00s;377;10/11/2025, 08:21:15.959;--
arrival;10/11/2025, 08:21:19.443;0.00s;378;10/11/2025, 08:21:19.443;--
arrival;10/11/2025, 08:21:23.346;0.00s;379;10/11/2025, 08:21:23.346;--
arrival;10/11/2025, 08:21:33.994;0.00s;380;10/11/2025, 08:21:33.994;--
arrival;10/11/2025, 08:21:35.742;0.00s;381;10/11/2025, 08:21:35.742;--
arrival;10/11/2025, 08:21:57.198;0.00s;382;10/11/2025, 08:21:57.198;--
arrival;10/11/2025, 08:21:58.822;0.00s;383;10/11/2025, 08:21:58.822;--
arrival;10/11/2025, 08:22:58.365;0.00s;384;10/11/2025, 08:22:58.365;--
arrival;10/11/2025, 08:22:58.974;0.00s;385;10/11/2025, 08:22:58.974;--
arrival;10/11/2025, 08:23:02.847;0.00s;386;10/11/2025, 08:23:02.847;--
arrival;10/11/2025, 08:23:05.394;0.00s;387;10/11/2025, 08:23:05.394;--
arrival;10/11/2025, 08:23:06.927;0.00s;388;10/11/2025, 08:23:06.927;--
arrival;10/11/2025, 08:23:09.868;0.00s;389;10/11/2025, 08:23:09.868;--
arrival;10/11/2025, 08:23:13.461;0.00s;390;10/11/2025, 08:23:13.461;--
arrival;10/11/2025, 08:23:15.356;0.00s;391;10/11/2025, 08:23:15.356;--
arrival;10/11/2025, 08:23:18.240;0.00s;392;10/11/2025, 08:23:18.240;--
arrival;10/11/2025, 08:23:19.793;0.00s;393;10/11/2025, 08:23:19.793;--
arrival;10/11/2025, 08:23:20.916;0.00s;394;10/11/2025, 08:23:20.916;--
arrival;10/11/2025, 08:23:22.080;0.00s;395;10/11/2025, 08:23:22.080;--
arrival;10/11/2025, 08:23:22.472;0.00s;396;10/11/2025, 08:23:22.472;--
arrival;10/11/2025, 08:23:39.830;0.00s;397;10/11/2025, 08:23:39.830;--
arrival;10/11/2025, 08:23:51.581;0.00s;398;10/11/2025, 08:23:51.581;--
arrival;10/11/2025, 08:23:51.933;0.00s;399;10/11/2025, 08:23:51.933;--
arrival;10/11/2025, 08:23:52.696;0.00s;400;10/11/2025, 08:23:52.696;--
arrival;10/11/2025, 08:23:53.186;0.00s;401;10/11/2025, 08:23:53.186;--
arrival;10/11/2025, 08:23:53.653;0.00s;402;10/11/2025, 08:23:53.653;--
arrival;10/11/2025, 08:23:54.746;0.00s;403;10/11/2025, 08:23:54.746;--
arrival;10/11/2025, 08:23:59.130;0.00s;404;10/11/2025, 08:23:59.130;--
arrival;10/11/2025, 08:24:04.169;0.00s;405;10/11/2025, 08:24:04.169;--
arrival;10/11/2025, 08:24:56.825;0.00s;406;10/11/2025, 08:24:56.825;--
arrival;10/11/2025, 08:24:57.058;0.00s;407;10/11/2025, 08:24:57.058;--
arrival;10/11/2025, 08:24:58.560;0.00s;408;10/11/2025, 08:24:58.560;--
arrival;10/11/2025, 08:25:00.470;0.00s;409;10/11/2025, 08:25:00.470;--
arrival;10/11/2025, 08:25:01.571;0.00s;410;10/11/2025, 08:25:01.571;--
arrival;10/11/2025, 08:25:04.772;0.00s;411;10/11/2025, 08:25:04.772;--
arrival;10/11/2025, 08:25:05.474;0.00s;412;10/11/2025, 08:25:05.474;--
arrival;10/11/2025, 08:25:08.326;0.00s;413;10/11/2025, 08:25:08.326;--
arrival;10/11/2025, 08:25:11.053;0.00s;414;10/11/2025, 08:25:11.053;--
arrival;10/11/2025, 08:25:13.175;0.00s;415;10/11/2025, 08:25:13.175;--
arrival;10/11/2025, 08:25:19.262;0.00s;416;10/11/2025, 08:25:19.262;--
arrival;10/11/2025, 08:25:19.861;0.00s;417;10/11/2025, 08:25:19.861;--
arrival;10/11/2025, 08:25:31.133;0.00s;418;10/11/2025, 08:25:31.133;--
arrival;10/11/2025, 08:26:15.210;0.00s;419;10/11/2025, 08:26:15.210;--
arrival;10/11/2025, 08:26:15.508;0.00s;420;10/11/2025, 08:26:15.508;--
arrival;10/11/2025, 08:26:31.367;0.00s;421;10/11/2025, 08:26:31.367;--
arrival;10/11/2025, 08:26:52.844;0.00s;422;10/11/2025, 08:26:52.844;--
arrival;10/11/2025, 08:26:53.796;0.00s;423;10/11/2025, 08:26:53.796;--
arrival;10/11/2025, 08:26:54.848;0.00s;424;10/11/2025, 08:26:54.848;--
arrival;10/11/2025, 08:26:56.518;0.00s;425;10/11/2025, 08:26:56.518;--
arrival;10/11/2025, 08:26:58.103;0.00s;426;10/11/2025, 08:26:58.103;--
arrival;10/11/2025, 08:27:00.855;0.00s;427;10/11/2025, 08:27:00.855;--
arrival;10/11/2025, 08:27:01.870;0.00s;428;10/11/2025, 08:27:01.870;--
arrival;10/11/2025, 08:27:15.296;0.00s;429;10/11/2025, 08:27:15.296;--
arrival;10/11/2025, 08:27:23.405;0.00s;430;10/11/2025, 08:27:23.405;--
arrival;10/11/2025, 08:27:23.896;0.00s;431;10/11/2025, 08:27:23.896;--
arrival;10/11/2025, 08:27:24.434;0.00s;432;10/11/2025, 08:27:24.434;--
arrival;10/11/2025, 08:27:28.174;0.00s;433;10/11/2025, 08:27:28.174;--
arrival;10/11/2025, 08:27:30.821;0.00s;434;10/11/2025, 08:27:30.821;--
arrival;10/11/2025, 08:27:45.565;0.00s;435;10/11/2025, 08:27:45.565;--
arrival;10/11/2025, 08:28:04.733;0.00s;436;10/11/2025, 08:28:04.733;--
arrival;10/11/2025, 08:28:57.038;0.00s;437;10/11/2025, 08:28:57.038;--
arrival;10/11/2025, 08:28:59.162;0.00s;438;10/11/2025, 08:28:59.162;--
arrival;10/11/2025, 08:28:59.765;0.00s;439;10/11/2025, 08:28:59.765;--
arrival;10/11/2025, 08:29:01.744;0.00s;440;10/11/2025, 08:29:01.744;--
arrival;10/11/2025, 08:29:05.754;0.00s;441;10/11/2025, 08:29:05.754;--
arrival;10/11/2025, 08:29:06.346;0.00s;442;10/11/2025, 08:29:06.346;--
arrival;10/11/2025, 08:29:06.940;0.00s;443;10/11/2025, 08:29:06.940;--
arrival;10/11/2025, 08:29:08.829;0.00s;444;10/11/2025, 08:29:08.829;--
arrival;10/11/2025, 08:29:16.389;0.00s;445;10/11/2025, 08:29:16.389;--
arrival;10/11/2025, 08:29:16.805;0.00s;446;10/11/2025, 08:29:16.805;--
arrival;10/11/2025, 08:29:17.315;0.00s;447;10/11/2025, 08:29:17.315;--
arrival;10/11/2025, 08:29:18.488;0.00s;448;10/11/2025, 08:29:18.488;--
arrival;10/11/2025, 08:29:19.438;0.00s;449;10/11/2025, 08:29:19.438;--
arrival;10/11/2025, 08:29:25.103;0.00s;450;10/11/2025, 08:29:25.103;--
arrival;10/11/2025, 08:29:26.693;0.00s;451;10/11/2025, 08:29:26.693;--
arrival;10/11/2025, 08:29:29.515;0.00s;452;10/11/2025, 08:29:29.515;--
arrival;10/11/2025, 08:29:31.390;0.00s;453;10/11/2025, 08:29:31.390;--
arrival;10/11/2025, 08:29:34.632;0.00s;454;10/11/2025, 08:29:34.632;--
arrival;10/11/2025, 08:29:42.529;0.00s;455;10/11/2025, 08:29:42.529;--
arrival;10/11/2025, 08:29:55.624;0.00s;456;10/11/2025, 08:29:55.624;--
arrival;10/11/2025, 08:30:07.571;0.00s;457;10/11/2025, 08:30:07.571;--
arrival;10/11/2025, 08:30:07.851;0.00s;458;10/11/2025, 08:30:07.851;--
arrival;10/11/2025, 08:30:24.651;0.00s;459;10/11/2025, 08:30:24.651;--
arrival;10/11/2025, 08:30:51.538;0.00s;460;10/11/2025, 08:30:51.538;--
arrival;10/11/2025, 08:30:58.010;0.00s;461;10/11/2025, 08:30:58.010;--
arrival;10/11/2025, 08:30:59.905;0.00s;462;10/11/2025, 08:30:59.905;--
arrival;10/11/2025, 08:31:02.375;0.00s;463;10/11/2025, 08:31:02.375;--
arrival;10/11/2025, 08:31:02.860;0.00s;464;10/11/2025, 08:31:02.860;--
arrival;10/11/2025, 08:31:05.357;0.00s;465;10/11/2025, 08:31:05.357;--
arrival;10/11/2025, 08:31:08.543;0.00s;466;10/11/2025, 08:31:08.543;--
arrival;10/11/2025, 08:31:09.636;0.00s;467;10/11/2025, 08:31:09.636;--
arrival;10/11/2025, 08:31:10.814;0.00s;468;10/11/2025, 08:31:10.814;--
arrival;10/11/2025, 08:31:11.538;0.00s;469;10/11/2025, 08:31:11.538;--
arrival;10/11/2025, 08:31:12.077;0.00s;470;10/11/2025, 08:31:12.077;--
arrival;10/11/2025, 08:31:12.508;0.00s;471;10/11/2025, 08:31:12.508;--
arrival;10/11/2025, 08:31:21.310;0.00s;472;10/11/2025, 08:31:21.310;--
arrival;10/11/2025, 08:31:22.097;0.00s;473;10/11/2025, 08:31:22.097;--
arrival;10/11/2025, 08:32:09.468;0.00s;474;10/11/2025, 08:32:09.468;--
arrival;10/11/2025, 08:32:52.758;0.00s;475;10/11/2025, 08:32:52.758;--
arrival;10/11/2025, 08:32:56.329;0.00s;476;10/11/2025, 08:32:56.329;--
arrival;10/11/2025, 08:32:56.852;0.00s;477;10/11/2025, 08:32:56.852;--
arrival;10/11/2025, 08:33:00.528;0.00s;478;10/11/2025, 08:33:00.528;--
arrival;10/11/2025, 08:33:01.121;0.00s;479;10/11/2025, 08:33:01.121;--
arrival;10/11/2025, 08:33:02.866;0.00s;480;10/11/2025, 08:33:02.866;--
arrival;10/11/2025, 08:33:08.328;0.00s;481;10/11/2025, 08:33:08.328;--
arrival;10/11/2025, 08:33:10.528;0.00s;482;10/11/2025, 08:33:10.528;--
arrival;10/11/2025, 08:33:13.641;0.00s;483;10/11/2025, 08:33:13.641;--
arrival;10/11/2025, 08:33:15.036;0.00s;484;10/11/2025, 08:33:15.036;--
arrival;10/11/2025, 08:33:19.720;0.00s;485;10/11/2025, 08:33:19.720;--
arrival;10/11/2025, 08:33:20.748;0.00s;486;10/11/2025, 08:33:20.748;--
arrival;10/11/2025, 08:33:26.922;0.00s;487;10/11/2025, 08:33:26.922;--
arrival;10/11/2025, 08:33:35.579;0.00s;488;10/11/2025, 08:33:35.579;--
arrival;10/11/2025, 08:33:36.418;0.00s;489;10/11/2025, 08:33:36.418;--
arrival;10/11/2025, 08:33:52.039;0.00s;490;10/11/2025, 08:33:52.039;--
arrival;10/11/2025, 08:34:22.575;0.00s;491;10/11/2025, 08:34:22.575;--
arrival;10/11/2025, 08:34:44.482;0.00s;492;10/11/2025, 08:34:44.482;--
arrival;10/11/2025, 08:34:49.112;0.00s;493;10/11/2025, 08:34:49.112;--
arrival;10/11/2025, 08:34:50.218;0.00s;494;10/11/2025, 08:34:50.218;--
arrival;10/11/2025, 08:34:54.206;0.00s;495;10/11/2025, 08:34:54.206;--
arrival;10/11/2025, 08:34:54.740;0.00s;496;10/11/2025, 08:34:54.740;--
arrival;10/11/2025, 08:34:57.256;0.00s;497;10/11/2025, 08:34:57.256;--
arrival;10/11/2025, 08:34:58.471;0.00s;498;10/11/2025, 08:34:58.471;--
arrival;10/11/2025, 08:35:01.107;0.00s;499;10/11/2025, 08:35:01.107;--
arrival;10/11/2025, 08:35:01.611;0.00s;500;10/11/2025, 08:35:01.611;--
arrival;10/11/2025, 08:35:02.121;0.00s;501;10/11/2025, 08:35:02.121;--
arrival;10/11/2025, 08:35:02.563;0.00s;502;10/11/2025, 08:35:02.563;--
arrival;10/11/2025, 08:35:09.247;0.00s;503;10/11/2025, 08:35:09.247;--
arrival;10/11/2025, 08:35:20.695;0.00s;504;10/11/2025, 08:35:20.695;--
arrival;10/11/2025, 08:35:21.181;0.00s;505;10/11/2025, 08:35:21.181;--
arrival;10/11/2025, 08:35:30.233;0.00s;506;10/11/2025, 08:35:30.233;--
arrival;10/11/2025, 08:35:32.325;0.00s;507;10/11/2025, 08:35:32.325;--
arrival;10/11/2025, 08:35:37.090;0.00s;508;10/11/2025, 08:35:37.090;--
arrival;10/11/2025, 08:35:57.499;0.00s;509;10/11/2025, 08:35:57.499;--
arrival;10/11/2025, 08:36:08.391;0.00s;510;10/11/2025, 08:36:08.391;--
arrival;10/11/2025, 08:36:16.635;0.00s;511;10/11/2025, 08:36:16.635;--
arrival;10/11/2025, 08:36:17.489;0.00s;512;10/11/2025, 08:36:17.489;--
arrival;10/11/2025, 08:36:19.002;0.00s;513;10/11/2025, 08:36:19.002;--
arrival;10/11/2025, 08:36:26.542;0.00s;514;10/11/2025, 08:36:26.542;--
arrival;10/11/2025, 08:36:28.512;0.00s;515;10/11/2025, 08:36:28.512;--
arrival;10/11/2025, 08:36:32.267;0.00s;516;10/11/2025, 08:36:32.267;--
arrival;10/11/2025, 08:36:37.866;0.00s;517;10/11/2025, 08:36:37.866;--
arrival;10/11/2025, 08:36:45.330;0.00s;518;10/11/2025, 08:36:45.330;--
arrival;10/11/2025, 08:37:04.288;0.00s;519;10/11/2025, 08:37:04.288;--
arrival;10/11/2025, 08:37:12.246;0.00s;520;10/11/2025, 08:37:12.246;--
arrival;10/11/2025, 08:37:15.137;0.00s;521;10/11/2025, 08:37:15.137;--
arrival;10/11/2025, 08:37:17.598;0.00s;522;10/11/2025, 08:37:17.598;--
arrival;10/11/2025, 08:37:18.291;0.00s;523;10/11/2025, 08:37:18.291;--
arrival;10/11/2025, 08:37:19.444;0.00s;524;10/11/2025, 08:37:19.444;--
arrival;10/11/2025, 08:37:34.712;0.00s;525;10/11/2025, 08:37:34.712;--
arrival;10/11/2025, 08:37:35.956;0.00s;526;10/11/2025, 08:37:35.956;--
arrival;10/11/2025, 08:37:42.395;0.00s;527;10/11/2025, 08:37:42.395;--
arrival;10/11/2025, 08:37:59.452;0.00s;528;10/11/2025, 08:37:59.452;--
arrival;10/11/2025, 08:38:47.677;0.00s;529;10/11/2025, 08:38:47.677;--
arrival;10/11/2025, 08:38:49.838;0.00s;530;10/11/2025, 08:38:49.838;--
arrival;10/11/2025, 08:38:51.561;0.00s;531;10/11/2025, 08:38:51.561;--
arrival;10/11/2025, 08:38:52.029;0.00s;532;10/11/2025, 08:38:52.029;--
arrival;10/11/2025, 08:38:58.703;0.00s;533;10/11/2025, 08:38:58.703;--
arrival;10/11/2025, 08:38:59.457;0.00s;534;10/11/2025, 08:38:59.457;--
arrival;10/11/2025, 08:39:00.177;0.00s;535;10/11/2025, 08:39:00.177;--
arrival;10/11/2025, 08:39:01.143;0.00s;536;10/11/2025, 08:39:01.143;--
arrival;10/11/2025, 08:39:06.967;0.00s;537;10/11/2025, 08:39:06.967;--
arrival;10/11/2025, 08:39:07.642;0.00s;538;10/11/2025, 08:39:07.642;--
arrival;10/11/2025, 08:39:08.262;0.00s;539;10/11/2025, 08:39:08.262;--
arrival;10/11/2025, 08:39:08.711;0.00s;540;10/11/2025, 08:39:08.711;--
arrival;10/11/2025, 08:39:58.303;0.00s;541;10/11/2025, 08:39:58.303;--
arrival;10/11/2025, 08:40:13.647;0.00s;542;10/11/2025, 08:40:13.647;--
arrival;10/11/2025, 08:40:14.092;0.00s;543;10/11/2025, 08:40:14.092;--
arrival;10/11/2025, 08:41:11.095;0.00s;544;10/11/2025, 08:41:11.095;--
arrival;10/11/2025, 08:41:24.195;0.00s;545;10/11/2025, 08:41:24.195;--
arrival;10/11/2025, 08:41:26.534;0.00s;546;10/11/2025, 08:41:26.534;--
arrival;10/11/2025, 08:41:44.792;0.00s;547;10/11/2025, 08:41:44.792;--
arrival;10/11/2025, 08:41:50.991;0.00s;548;10/11/2025, 08:41:50.991;--
arrival;10/11/2025, 08:41:57.613;0.00s;549;10/11/2025, 08:41:57.613;--
arrival;10/11/2025, 08:42:03.605;0.00s;550;10/11/2025, 08:42:03.605;--
arrival;10/11/2025, 08:42:10.815;0.00s;551;10/11/2025, 08:42:10.815;--
arrival;10/11/2025, 08:42:42.720;0.00s;552;10/11/2025, 08:42:42.720;--
arrival;10/11/2025, 08:42:47.142;0.00s;553;10/11/2025, 08:42:47.142;--
arrival;10/11/2025, 08:42:47.895;0.00s;554;10/11/2025, 08:42:47.895;--
arrival;10/11/2025, 08:42:48.945;0.00s;555;10/11/2025, 08:42:48.945;--
arrival;10/11/2025, 08:42:50.770;0.00s;556;10/11/2025, 08:42:50.770;--
arrival;10/11/2025, 08:42:52.572;0.00s;557;10/11/2025, 08:42:52.572;--
arrival;10/11/2025, 08:42:54.609;0.00s;558;10/11/2025, 08:42:54.609;--
arrival;10/11/2025, 08:42:55.740;0.00s;559;10/11/2025, 08:42:55.740;--
arrival;10/11/2025, 08:42:57.060;0.00s;560;10/11/2025, 08:42:57.060;--
arrival;10/11/2025, 08:42:57.684;0.00s;561;10/11/2025, 08:42:57.684;--
arrival;10/11/2025, 08:43:04.965;0.00s;562;10/11/2025, 08:43:04.965;--
arrival;10/11/2025, 08:43:07.608;0.00s;563;10/11/2025, 08:43:07.608;--
arrival;10/11/2025, 08:43:09.988;0.00s;564;10/11/2025, 08:43:09.988;--
arrival;10/11/2025, 08:43:12.736;0.00s;565;10/11/2025, 08:43:12.736;--
arrival;10/11/2025, 08:43:14.414;0.00s;566;10/11/2025, 08:43:14.414;--
arrival;10/11/2025, 08:43:16.981;0.00s;567;10/11/2025, 08:43:16.981;--
arrival;10/11/2025, 08:43:28.936;0.00s;568;10/11/2025, 08:43:28.936;--
arrival;10/11/2025, 08:43:40.063;0.00s;569;10/11/2025, 08:43:40.063;--
arrival;10/11/2025, 08:43:40.758;0.00s;570;10/11/2025, 08:43:40.758;--
arrival;10/11/2025, 08:43:41.292;0.00s;571;10/11/2025, 08:43:41.292;--
arrival;10/11/2025, 08:43:45.177;0.00s;572;10/11/2025, 08:43:45.177;--
arrival;10/11/2025, 08:44:06.999;0.00s;573;10/11/2025, 08:44:06.999;--
arrival;10/11/2025, 08:44:47.678;0.00s;574;10/11/2025, 08:44:47.678;--
arrival;10/11/2025, 08:44:48.117;0.00s;575;10/11/2025, 08:44:48.117;--
arrival;10/11/2025, 08:44:48.843;0.00s;576;10/11/2025, 08:44:48.843;--
arrival;10/11/2025, 08:44:51.143;0.00s;577;10/11/2025, 08:44:51.143;--
arrival;10/11/2025, 08:44:52.670;0.00s;578;10/11/2025, 08:44:52.670;--
arrival;10/11/2025, 08:44:58.674;0.00s;579;10/11/2025, 08:44:58.674;--
arrival;10/11/2025, 08:45:01.097;0.00s;580;10/11/2025, 08:45:01.097;--
arrival;10/11/2025, 08:45:05.799;0.00s;581;10/11/2025, 08:45:05.799;--
arrival;10/11/2025, 08:45:08.121;0.00s;582;10/11/2025, 08:45:08.121;--
arrival;10/11/2025, 08:45:14.386;0.00s;583;10/11/2025, 08:45:14.386;--
arrival;10/11/2025, 08:45:16.247;0.00s;584;10/11/2025, 08:45:16.247;--
arrival;10/11/2025, 08:45:17.778;0.00s;585;10/11/2025, 08:45:17.778;--
arrival;10/11/2025, 08:45:18.702;0.00s;586;10/11/2025, 08:45:18.702;--
arrival;10/11/2025, 08:45:23.627;0.00s;587;10/11/2025, 08:45:23.627;--
arrival;10/11/2025, 08:45:26.453;0.00s;588;10/11/2025, 08:45:26.453;--
arrival;10/11/2025, 08:45:28.068;0.00s;589;10/11/2025, 08:45:28.068;--
arrival;10/11/2025, 08:45:29.618;0.00s;590;10/11/2025, 08:45:29.618;--
arrival;10/11/2025, 08:45:31.615;0.00s;591;10/11/2025, 08:45:31.615;--
arrival;10/11/2025, 08:45:33.639;0.00s;592;10/11/2025, 08:45:33.639;--
arrival;10/11/2025, 08:45:35.082;0.00s;593;10/11/2025, 08:45:35.082;--
arrival;10/11/2025, 08:45:35.927;0.00s;594;10/11/2025, 08:45:35.927;--
arrival;10/11/2025, 08:45:36.374;0.00s;595;10/11/2025, 08:45:36.374;--
arrival;10/11/2025, 08:46:02.307;0.00s;596;10/11/2025, 08:46:02.307;--
arrival;10/11/2025, 08:46:05.350;0.00s;597;10/11/2025, 08:46:05.350;--
arrival;10/11/2025, 08:46:10.430;0.00s;598;10/11/2025, 08:46:10.430;--
arrival;10/11/2025, 08:46:46.330;0.00s;599;10/11/2025, 08:46:46.330;--
arrival;10/11/2025, 08:46:46.974;0.00s;600;10/11/2025, 08:46:46.974;--
arrival;10/11/2025, 08:46:49.596;0.00s;601;10/11/2025, 08:46:49.596;--
arrival;10/11/2025, 08:46:50.106;0.00s;602;10/11/2025, 08:46:50.106;--
arrival;10/11/2025, 08:46:50.847;0.00s;603;10/11/2025, 08:46:50.847;--
arrival;10/11/2025, 08:46:52.641;0.00s;604;10/11/2025, 08:46:52.641;--
arrival;10/11/2025, 08:46:54.255;0.00s;605;10/11/2025, 08:46:54.255;--
arrival;10/11/2025, 08:46:55.825;0.00s;606;10/11/2025, 08:46:55.825;--
arrival;10/11/2025, 08:46:58.411;0.00s;607;10/11/2025, 08:46:58.411;--
arrival;10/11/2025, 08:47:08.789;0.00s;608;10/11/2025, 08:47:08.789;--
arrival;10/11/2025, 08:47:09.794;0.00s;609;10/11/2025, 08:47:09.794;--
arrival;10/11/2025, 08:47:15.382;0.00s;610;10/11/2025, 08:47:15.382;--
arrival;10/11/2025, 08:47:19.101;0.00s;611;10/11/2025, 08:47:19.101;--
arrival;10/11/2025, 08:47:21.266;0.00s;612;10/11/2025, 08:47:21.266;--
arrival;10/11/2025, 08:47:22.362;0.00s;613;10/11/2025, 08:47:22.362;--
arrival;10/11/2025, 08:47:27.729;0.00s;614;10/11/2025, 08:47:27.729;--
arrival;10/11/2025, 08:47:33.067;0.00s;615;10/11/2025, 08:47:33.067;--
arrival;10/11/2025, 08:47:55.382;0.00s;616;10/11/2025, 08:47:55.382;--
arrival;10/11/2025, 08:48:19.282;0.00s;617;10/11/2025, 08:48:19.282;--
arrival;10/11/2025, 08:48:45.269;0.00s;618;10/11/2025, 08:48:45.269;--
arrival;10/11/2025, 08:48:48.061;0.00s;619;10/11/2025, 08:48:48.061;--
arrival;10/11/2025, 08:48:50.183;0.00s;620;10/11/2025, 08:48:50.183;--
arrival;10/11/2025, 08:48:50.924;0.00s;621;10/11/2025, 08:48:50.924;--
arrival;10/11/2025, 08:48:53.134;0.00s;622;10/11/2025, 08:48:53.134;--
arrival;10/11/2025, 08:48:58.378;0.00s;623;10/11/2025, 08:48:58.378;--
arrival;10/11/2025, 08:49:17.122;0.00s;624;10/11/2025, 08:49:17.122;--
arrival;10/11/2025, 08:49:20.058;0.00s;625;10/11/2025, 08:49:20.058;--
arrival;10/11/2025, 08:49:22.311;0.00s;626;10/11/2025, 08:49:22.311;--
arrival;10/11/2025, 08:49:25.388;0.00s;627;10/11/2025, 08:49:25.388;--
arrival;10/11/2025, 08:49:32.603;0.00s;628;10/11/2025, 08:49:32.603;--
arrival;10/11/2025, 08:49:45.070;0.00s;629;10/11/2025, 08:49:45.070;--
arrival;10/11/2025, 08:49:54.006;0.00s;630;10/11/2025, 08:49:54.006;--
arrival;10/11/2025, 08:50:09.146;0.00s;631;10/11/2025, 08:50:09.146;--
arrival;10/11/2025, 08:50:41.570;0.00s;632;10/11/2025, 08:50:41.570;--
arrival;10/11/2025, 08:50:42.537;0.00s;633;10/11/2025, 08:50:42.537;--
arrival;10/11/2025, 08:50:43.551;0.00s;634;10/11/2025, 08:50:43.551;--
arrival;10/11/2025, 08:50:47.067;0.00s;635;10/11/2025, 08:50:47.067;--
arrival;10/11/2025, 08:50:47.416;0.00s;636;10/11/2025, 08:50:47.416;--
arrival;10/11/2025, 08:50:53.394;0.00s;637;10/11/2025, 08:50:53.394;--
arrival;10/11/2025, 08:50:54.388;0.00s;638;10/11/2025, 08:50:54.388;--
arrival;10/11/2025, 08:50:56.051;0.00s;639;10/11/2025, 08:50:56.051;--
arrival;10/11/2025, 08:50:59.692;0.00s;640;10/11/2025, 08:50:59.692;--
arrival;10/11/2025, 08:51:02.894;0.00s;641;10/11/2025, 08:51:02.894;--
arrival;10/11/2025, 08:51:04.880;0.00s;642;10/11/2025, 08:51:04.880;--
arrival;10/11/2025, 08:51:07.363;0.00s;643;10/11/2025, 08:51:07.363;--
arrival;10/11/2025, 08:51:08.479;0.00s;644;10/11/2025, 08:51:08.479;--
arrival;10/11/2025, 08:51:09.652;0.00s;645;10/11/2025, 08:51:09.652;--
arrival;10/11/2025, 08:51:18.541;0.00s;646;10/11/2025, 08:51:18.541;--
arrival;10/11/2025, 08:51:25.392;0.00s;647;10/11/2025, 08:51:25.392;--
arrival;10/11/2025, 08:51:29.672;0.00s;648;10/11/2025, 08:51:29.672;--
arrival;10/11/2025, 08:51:32.945;0.00s;649;10/11/2025, 08:51:32.945;--
arrival;10/11/2025, 08:51:35.260;0.00s;650;10/11/2025, 08:51:35.260;--
arrival;10/11/2025, 08:51:40.161;0.00s;651;10/11/2025, 08:51:40.161;--
arrival;10/11/2025, 08:51:45.209;0.00s;652;10/11/2025, 08:51:45.209;--
arrival;10/11/2025, 08:51:54.891;0.00s;653;10/11/2025, 08:51:54.891;--
arrival;10/11/2025, 08:52:43.202;0.00s;654;10/11/2025, 08:52:43.202;--
arrival;10/11/2025, 08:52:43.485;0.00s;655;10/11/2025, 08:52:43.485;--
arrival;10/11/2025, 08:52:44.378;0.00s;656;10/11/2025, 08:52:44.378;--
arrival;10/11/2025, 08:52:45.365;0.00s;657;10/11/2025, 08:52:45.365;--
arrival;10/11/2025, 08:52:46.263;0.00s;658;10/11/2025, 08:52:46.263;--
arrival;10/11/2025, 08:52:51.756;0.00s;659;10/11/2025, 08:52:51.756;--
arrival;10/11/2025, 08:52:53.035;0.00s;660;10/11/2025, 08:52:53.035;--
arrival;10/11/2025, 08:52:53.886;0.00s;661;10/11/2025, 08:52:53.886;--
arrival;10/11/2025, 08:52:54.195;0.00s;662;10/11/2025, 08:52:54.195;--
arrival;10/11/2025, 08:53:05.570;0.00s;663;10/11/2025, 08:53:05.570;--
arrival;10/11/2025, 08:53:06.091;0.00s;664;10/11/2025, 08:53:06.091;--
arrival;10/11/2025, 08:53:06.800;0.00s;665;10/11/2025, 08:53:06.800;--
arrival;10/11/2025, 08:53:14.584;0.00s;666;10/11/2025, 08:53:14.584;--
arrival;10/11/2025, 08:53:14.953;0.00s;667;10/11/2025, 08:53:14.953;--
arrival;10/11/2025, 08:53:15.375;0.00s;668;10/11/2025, 08:53:15.375;--
arrival;10/11/2025, 08:53:37.534;0.00s;669;10/11/2025, 08:53:37.534;--
arrival;10/11/2025, 08:53:40.216;0.00s;670;10/11/2025, 08:53:40.216;--
arrival;10/11/2025, 08:53:53.492;0.00s;671;10/11/2025, 08:53:53.492;--
arrival;10/11/2025, 08:53:53.658;0.00s;672;10/11/2025, 08:53:53.658;--
arrival;10/11/2025, 08:53:54.003;0.00s;673;10/11/2025, 08:53:54.003;--
arrival;10/11/2025, 08:53:57.549;0.00s;674;10/11/2025, 08:53:57.549;--
arrival;10/11/2025, 08:54:41.726;0.00s;675;10/11/2025, 08:54:41.726;--
arrival;10/11/2025, 08:54:42.308;0.00s;676;10/11/2025, 08:54:42.308;--
arrival;10/11/2025, 08:54:44.721;0.00s;677;10/11/2025, 08:54:44.721;--
arrival;10/11/2025, 08:54:47.140;0.00s;678;10/11/2025, 08:54:47.140;--
arrival;10/11/2025, 08:54:48.937;0.00s;679;10/11/2025, 08:54:48.937;--
arrival;10/11/2025, 08:54:51.775;0.00s;680;10/11/2025, 08:54:51.775;--
arrival;10/11/2025, 08:54:56.055;0.00s;681;10/11/2025, 08:54:56.055;--
arrival;10/11/2025, 08:55:05.844;0.00s;682;10/11/2025, 08:55:05.844;--
arrival;10/11/2025, 08:55:14.237;0.00s;683;10/11/2025, 08:55:14.237;--
arrival;10/11/2025, 08:55:15.636;0.00s;684;10/11/2025, 08:55:15.636;--
arrival;10/11/2025, 08:55:18.175;0.00s;685;10/11/2025, 08:55:18.175;--
arrival;10/11/2025, 08:55:19.054;0.00s;686;10/11/2025, 08:55:19.054;--
arrival;10/11/2025, 08:55:28.648;0.00s;687;10/11/2025, 08:55:28.648;--
arrival;10/11/2025, 08:55:30.549;0.00s;688;10/11/2025, 08:55:30.549;--
arrival;10/11/2025, 08:55:31.749;0.00s;689;10/11/2025, 08:55:31.749;--
arrival;10/11/2025, 08:55:34.960;0.00s;690;10/11/2025, 08:55:34.960;--
arrival;10/11/2025, 08:55:36.802;0.00s;691;10/11/2025, 08:55:36.802;--
arrival;10/11/2025, 08:55:51.277;0.00s;692;10/11/2025, 08:55:51.277;--
arrival;10/11/2025, 08:56:43.243;0.00s;693;10/11/2025, 08:56:43.243;--
arrival;10/11/2025, 08:56:43.835;0.00s;694;10/11/2025, 08:56:43.835;--
arrival;10/11/2025, 08:56:45.794;0.00s;695;10/11/2025, 08:56:45.794;--
arrival;10/11/2025, 08:56:47.297;0.00s;696;10/11/2025, 08:56:47.297;--
arrival;10/11/2025, 08:56:48.456;0.00s;697;10/11/2025, 08:56:48.456;--
arrival;10/11/2025, 08:56:49.223;0.00s;698;10/11/2025, 08:56:49.223;--
arrival;10/11/2025, 08:56:50.146;0.00s;699;10/11/2025, 08:56:50.146;--
arrival;10/11/2025, 08:56:52.110;0.00s;700;10/11/2025, 08:56:52.110;--
arrival;10/11/2025, 08:56:54.060;0.00s;701;10/11/2025, 08:56:54.060;--
arrival;10/11/2025, 08:57:09.344;0.00s;702;10/11/2025, 08:57:09.344;--
arrival;10/11/2025, 08:57:25.188;0.00s;703;10/11/2025, 08:57:25.188;--
arrival;10/11/2025, 08:57:29.790;0.00s;704;10/11/2025, 08:57:29.790;--
arrival;10/11/2025, 08:57:32.715;0.00s;705;10/11/2025, 08:57:32.715;--
arrival;10/11/2025, 08:57:33.199;0.00s;706;10/11/2025, 08:57:33.199;--
arrival;10/11/2025, 08:57:33.614;0.00s;707;10/11/2025, 08:57:33.614;--
arrival;10/11/2025, 08:57:35.244;0.00s;708;10/11/2025, 08:57:35.244;--
arrival;10/11/2025, 08:57:38.323;0.00s;709;10/11/2025, 08:57:38.323;--
arrival;10/11/2025, 08:57:41.701;0.00s;710;10/11/2025, 08:57:41.701;--
arrival;10/11/2025, 08:57:42.809;0.00s;711;10/11/2025, 08:57:42.809;--
arrival;10/11/2025, 08:57:56.750;0.00s;712;10/11/2025, 08:57:56.750;--
arrival;10/11/2025, 08:57:56.922;0.00s;713;10/11/2025, 08:57:56.922;--
arrival;10/11/2025, 08:57:57.131;0.00s;714;10/11/2025, 08:57:57.131;--
arrival;10/11/2025, 08:57:58.343;0.00s;715;10/11/2025, 08:57:58.343;--
arrival;10/11/2025, 08:58:14.006;0.00s;716;10/11/2025, 08:58:14.006;--
arrival;10/11/2025, 08:58:47.019;0.00s;717;10/11/2025, 08:58:47.019;--
arrival;10/11/2025, 08:58:47.489;0.00s;718;10/11/2025, 08:58:47.489;--
arrival;10/11/2025, 08:58:49.316;0.00s;719;10/11/2025, 08:58:49.316;--
arrival;10/11/2025, 08:58:49.808;0.00s;720;10/11/2025, 08:58:49.808;--
arrival;10/11/2025, 08:58:50.708;0.00s;721;10/11/2025, 08:58:50.708;--
arrival;10/11/2025, 08:58:54.769;0.00s;722;10/11/2025, 08:58:54.769;--
arrival;10/11/2025, 08:58:57.163;0.00s;723;10/11/2025, 08:58:57.163;--
arrival;10/11/2025, 08:59:03.066;0.00s;724;10/11/2025, 08:59:03.066;--
arrival;10/11/2025, 08:59:03.538;0.00s;725;10/11/2025, 08:59:03.538;--
arrival;10/11/2025, 08:59:04.978;0.00s;726;10/11/2025, 08:59:04.978;--
arrival;10/11/2025, 08:59:06.912;0.00s;727;10/11/2025, 08:59:06.912;--
arrival;10/11/2025, 08:59:09.178;0.00s;728;10/11/2025, 08:59:09.178;--
arrival;10/11/2025, 08:59:10.777;0.00s;729;10/11/2025, 08:59:10.777;--
arrival;10/11/2025, 08:59:12.362;0.00s;730;10/11/2025, 08:59:12.362;--
arrival;10/11/2025, 08:59:13.933;0.00s;731;10/11/2025, 08:59:13.933;--
arrival;10/11/2025, 08:59:17.125;0.00s;732;10/11/2025, 08:59:17.125;--
arrival;10/11/2025, 08:59:17.564;0.00s;733;10/11/2025, 08:59:17.564;--
arrival;10/11/2025, 08:59:41.825;0.00s;734;10/11/2025, 08:59:41.825;--
arrival;10/11/2025, 08:59:42.132;0.00s;735;10/11/2025, 08:59:42.132;--
arrival;10/11/2025, 09:00:39.124;0.00s;736;10/11/2025, 09:00:39.124;--
arrival;10/11/2025, 09:00:40.716;0.00s;737;10/11/2025, 09:00:40.716;--
arrival;10/11/2025, 09:00:42.834;0.00s;738;10/11/2025, 09:00:42.834;--
arrival;10/11/2025, 09:00:45.404;0.00s;739;10/11/2025, 09:00:45.404;--
arrival;10/11/2025, 09:00:46.985;0.00s;740;10/11/2025, 09:00:46.985;--
arrival;10/11/2025, 09:00:49.506;0.00s;741;10/11/2025, 09:00:49.506;--
arrival;10/11/2025, 09:00:51.540;0.00s;742;10/11/2025, 09:00:51.540;--
arrival;10/11/2025, 09:00:54.343;0.00s;743;10/11/2025, 09:00:54.343;--
arrival;10/11/2025, 09:00:58.496;0.00s;744;10/11/2025, 09:00:58.496;--
arrival;10/11/2025, 09:00:59.783;0.00s;745;10/11/2025, 09:00:59.783;--
arrival;10/11/2025, 09:01:02.795;0.00s;746;10/11/2025, 09:01:02.795;--
arrival;10/11/2025, 09:01:06.880;0.00s;747;10/11/2025, 09:01:06.880;--
arrival;10/11/2025, 09:01:10.915;0.00s;748;10/11/2025, 09:01:10.915;--
arrival;10/11/2025, 09:01:26.944;0.00s;749;10/11/2025, 09:01:26.944;--
arrival;10/11/2025, 09:01:57.618;0.00s;750;10/11/2025, 09:01:57.618;--
arrival;10/11/2025, 09:02:20.533;0.00s;751;10/11/2025, 09:02:20.533;--
arrival;10/11/2025, 09:02:43.503;0.00s;752;10/11/2025, 09:02:43.503;--
arrival;10/11/2025, 09:02:48.071;0.00s;753;10/11/2025, 09:02:48.071;--
arrival;10/11/2025, 09:02:48.614;0.00s;754;10/11/2025, 09:02:48.614;--
arrival;10/11/2025, 09:02:52.108;0.00s;755;10/11/2025, 09:02:52.108;--
arrival;10/11/2025, 09:02:53.876;0.00s;756;10/11/2025, 09:02:53.876;--
arrival;10/11/2025, 09:02:54.304;0.00s;757;10/11/2025, 09:02:54.304;--
arrival;10/11/2025, 09:02:56.031;0.00s;758;10/11/2025, 09:02:56.031;--
arrival;10/11/2025, 09:02:57.358;0.00s;759;10/11/2025, 09:02:57.358;--
arrival;10/11/2025, 09:02:58.401;0.00s;760;10/11/2025, 09:02:58.401;--
arrival;10/11/2025, 09:02:59.998;0.00s;761;10/11/2025, 09:02:59.998;--
arrival;10/11/2025, 09:03:01.272;0.00s;762;10/11/2025, 09:03:01.272;--
arrival;10/11/2025, 09:03:03.273;0.00s;763;10/11/2025, 09:03:03.273;--
arrival;10/11/2025, 09:03:07.478;0.00s;764;10/11/2025, 09:03:07.478;--
arrival;10/11/2025, 09:03:14.126;0.00s;765;10/11/2025, 09:03:14.126;--
arrival;10/11/2025, 09:03:14.607;0.00s;766;10/11/2025, 09:03:14.607;--
arrival;10/11/2025, 09:03:15.039;0.00s;767;10/11/2025, 09:03:15.039;--
arrival;10/11/2025, 09:03:35.207;0.00s;768;10/11/2025, 09:03:35.207;--
arrival;10/11/2025, 09:03:36.232;0.00s;769;10/11/2025, 09:03:36.232;--
arrival;10/11/2025, 09:03:37.033;0.00s;770;10/11/2025, 09:03:37.033;--
arrival;10/11/2025, 09:03:37.937;0.00s;771;10/11/2025, 09:03:37.937;--
arrival;10/11/2025, 09:03:38.580;0.00s;772;10/11/2025, 09:03:38.580;--
arrival;10/11/2025, 09:03:39.170;0.00s;773;10/11/2025, 09:03:39.170;--
arrival;10/11/2025, 09:03:39.662;0.00s;774;10/11/2025, 09:03:39.662;--
arrival;10/11/2025, 09:03:40.139;0.00s;775;10/11/2025, 09:03:40.139;--
arrival;10/11/2025, 09:03:41.653;0.00s;776;10/11/2025, 09:03:41.653;--
arrival;10/11/2025, 09:04:01.301;0.00s;777;10/11/2025, 09:04:01.301;--
arrival;10/11/2025, 09:04:23.621;0.00s;778;10/11/2025, 09:04:23.621;--
arrival;10/11/2025, 09:04:45.778;0.00s;779;10/11/2025, 09:04:45.778;--
arrival;10/11/2025, 09:04:47.389;0.00s;780;10/11/2025, 09:04:47.389;--
arrival;10/11/2025, 09:04:48.586;0.00s;781;10/11/2025, 09:04:48.586;--
arrival;10/11/2025, 09:04:50.302;0.00s;782;10/11/2025, 09:04:50.302;--
arrival;10/11/2025, 09:04:53.040;0.00s;783;10/11/2025, 09:04:53.040;--
arrival;10/11/2025, 09:04:56.810;0.00s;784;10/11/2025, 09:04:56.810;--
arrival;10/11/2025, 09:05:04.018;0.00s;785;10/11/2025, 09:05:04.018;--
arrival;10/11/2025, 09:05:04.411;0.00s;786;10/11/2025, 09:05:04.411;--
arrival;10/11/2025, 09:05:05.130;0.00s;787;10/11/2025, 09:05:05.130;--
arrival;10/11/2025, 09:05:05.938;0.00s;788;10/11/2025, 09:05:05.938;--
arrival;10/11/2025, 09:05:06.716;0.00s;789;10/11/2025, 09:05:06.716;--
arrival;10/11/2025, 09:05:11.051;0.00s;790;10/11/2025, 09:05:11.051;--
arrival;10/11/2025, 09:05:12.118;0.00s;791;10/11/2025, 09:05:12.118;--
arrival;10/11/2025, 09:05:14.082;0.00s;792;10/11/2025, 09:05:14.082;--
arrival;10/11/2025, 09:05:14.663;0.00s;793;10/11/2025, 09:05:14.663;--
arrival;10/11/2025, 09:05:15.316;0.00s;794;10/11/2025, 09:05:15.316;--
arrival;10/11/2025, 09:05:15.953;0.00s;795;10/11/2025, 09:05:15.953;--
arrival;10/11/2025, 09:05:16.493;0.00s;796;10/11/2025, 09:05:16.493;--
arrival;10/11/2025, 09:05:27.865;0.00s;797;10/11/2025, 09:05:27.865;--
arrival;10/11/2025, 09:05:29.909;0.00s;798;10/11/2025, 09:05:29.909;--
arrival;10/11/2025, 09:05:30.571;0.00s;799;10/11/2025, 09:05:30.571;--
arrival;10/11/2025, 09:06:04.504;0.00s;800;10/11/2025, 09:06:04.504;--
arrival;10/11/2025, 09:06:06.802;0.00s;801;10/11/2025, 09:06:06.802;--
arrival;10/11/2025, 09:06:13.533;0.00s;802;10/11/2025, 09:06:13.533;--
arrival;10/11/2025, 09:06:24.132;0.00s;803;10/11/2025, 09:06:24.132;--
arrival;10/11/2025, 09:06:32.741;0.00s;804;10/11/2025, 09:06:32.741;--
arrival;10/11/2025, 09:06:47.388;0.00s;805;10/11/2025, 09:06:47.388;--
arrival;10/11/2025, 09:06:53.215;0.00s;806;10/11/2025, 09:06:53.215;--
arrival;10/11/2025, 09:06:57.364;0.00s;807;10/11/2025, 09:06:57.364;--
arrival;10/11/2025, 09:07:01.442;0.00s;808;10/11/2025, 09:07:01.442;--
arrival;10/11/2025, 09:07:06.755;0.00s;809;10/11/2025, 09:07:06.755;--
arrival;10/11/2025, 09:07:08.697;0.00s;810;10/11/2025, 09:07:08.697;--
arrival;10/11/2025, 09:07:12.536;0.00s;811;10/11/2025, 09:07:12.536;--
arrival;10/11/2025, 09:07:13.255;0.00s;812;10/11/2025, 09:07:13.255;--
arrival;10/11/2025, 09:07:13.716;0.00s;813;10/11/2025, 09:07:13.716;--
arrival;10/11/2025, 09:07:15.660;0.00s;814;10/11/2025, 09:07:15.660;--
arrival;10/11/2025, 09:07:20.613;0.00s;815;10/11/2025, 09:07:20.613;--
arrival;10/11/2025, 09:07:24.485;0.00s;816;10/11/2025, 09:07:24.485;--
arrival;10/11/2025, 09:07:24.829;0.00s;817;10/11/2025, 09:07:24.829;--
arrival;10/11/2025, 09:07:34.796;0.00s;818;10/11/2025, 09:07:34.796;--
arrival;10/11/2025, 09:07:35.134;0.00s;819;10/11/2025, 09:07:35.134;--
arrival;10/11/2025, 09:07:35.512;0.00s;820;10/11/2025, 09:07:35.512;--
arrival;10/11/2025, 09:07:35.899;0.00s;821;10/11/2025, 09:07:35.899;--
arrival;10/11/2025, 09:07:37.370;0.00s;822;10/11/2025, 09:07:37.370;--
arrival;10/11/2025, 09:07:39.086;0.00s;823;10/11/2025, 09:07:39.086;--
arrival;10/11/2025, 09:07:40.315;0.00s;824;10/11/2025, 09:07:40.315;--
arrival;10/11/2025, 09:07:41.300;0.00s;825;10/11/2025, 09:07:41.300;--
arrival;10/11/2025, 09:07:41.885;0.00s;826;10/11/2025, 09:07:41.885;--
arrival;10/11/2025, 09:07:42.211;0.00s;827;10/11/2025, 09:07:42.211;--
arrival;10/11/2025, 09:08:55.080;0.00s;828;10/11/2025, 09:08:55.080;--
arrival;10/11/2025, 09:08:59.310;0.00s;829;10/11/2025, 09:08:59.310;--
arrival;10/11/2025, 09:09:00.418;0.00s;830;10/11/2025, 09:09:00.418;--
arrival;10/11/2025, 09:09:01.126;0.00s;831;10/11/2025, 09:09:01.126;--
arrival;10/11/2025, 09:09:02.211;0.00s;832;10/11/2025, 09:09:02.211;--
arrival;10/11/2025, 09:09:03.120;0.00s;833;10/11/2025, 09:09:03.120;--
arrival;10/11/2025, 09:09:03.977;0.00s;834;10/11/2025, 09:09:03.977;--
arrival;10/11/2025, 09:09:04.298;0.00s;835;10/11/2025, 09:09:04.298;--
arrival;10/11/2025, 09:09:06.620;0.00s;836;10/11/2025, 09:09:06.620;--
arrival;10/11/2025, 09:09:11.342;0.00s;837;10/11/2025, 09:09:11.342;--
arrival;10/11/2025, 09:09:11.490;0.00s;838;10/11/2025, 09:09:11.490;--
arrival;10/11/2025, 09:09:14.004;0.00s;839;10/11/2025, 09:09:14.004;--
arrival;10/11/2025, 09:09:15.495;0.00s;840;10/11/2025, 09:09:15.495;--
arrival;10/11/2025, 09:09:15.961;0.00s;841;10/11/2025, 09:09:15.961;--
arrival;10/11/2025, 09:09:16.685;0.00s;842;10/11/2025, 09:09:16.685;--
arrival;10/11/2025, 09:09:18.222;0.00s;843;10/11/2025, 09:09:18.222;--
arrival;10/11/2025, 09:09:18.587;0.00s;844;10/11/2025, 09:09:18.587;--
arrival;10/11/2025, 09:09:19.086;0.00s;845;10/11/2025, 09:09:19.086;--
arrival;10/11/2025, 09:09:30.617;0.00s;846;10/11/2025, 09:09:30.617;--
arrival;10/11/2025, 09:09:32.615;0.00s;847;10/11/2025, 09:09:32.615;--
arrival;10/11/2025, 09:09:33.122;0.00s;848;10/11/2025, 09:09:33.122;--
arrival;10/11/2025, 09:09:34.092;0.00s;849;10/11/2025, 09:09:34.092;--
arrival;10/11/2025, 09:09:36.023;0.00s;850;10/11/2025, 09:09:36.023;--
arrival;10/11/2025, 09:09:36.463;0.00s;851;10/11/2025, 09:09:36.463;--
arrival;10/11/2025, 09:09:43.065;0.00s;852;10/11/2025, 09:09:43.065;--
arrival;10/11/2025, 09:09:55.044;0.00s;853;10/11/2025, 09:09:55.044;--
arrival;10/11/2025, 09:09:57.527;0.00s;854;10/11/2025, 09:09:57.527;--
arrival;10/11/2025, 09:09:58.377;0.00s;855;10/11/2025, 09:09:58.377;--
arrival;10/11/2025, 09:10:01.073;0.00s;856;10/11/2025, 09:10:01.073;--
arrival;10/11/2025, 09:10:05.035;0.00s;857;10/11/2025, 09:10:05.035;--
arrival;10/11/2025, 09:10:10.166;0.00s;858;10/11/2025, 09:10:10.166;--
arrival;10/11/2025, 09:10:37.342;0.00s;859;10/11/2025, 09:10:37.342;--
arrival;10/11/2025, 09:10:43.259;0.00s;860;10/11/2025, 09:10:43.259;--
arrival;10/11/2025, 09:10:48.623;0.00s;861;10/11/2025, 09:10:48.623;--
arrival;10/11/2025, 09:10:52.557;0.00s;862;10/11/2025, 09:10:52.557;--
arrival;10/11/2025, 09:10:55.868;0.00s;863;10/11/2025, 09:10:55.868;--
arrival;10/11/2025, 09:10:56.722;0.00s;864;10/11/2025, 09:10:56.722;--
arrival;10/11/2025, 09:10:57.367;0.00s;865;10/11/2025, 09:10:57.367;--
arrival;10/11/2025, 09:10:58.014;0.00s;866;10/11/2025, 09:10:58.014;--
arrival;10/11/2025, 09:10:58.631;0.00s;867;10/11/2025, 09:10:58.631;--
arrival;10/11/2025, 09:10:59.303;0.00s;868;10/11/2025, 09:10:59.303;--
arrival;10/11/2025, 09:10:59.854;0.00s;869;10/11/2025, 09:10:59.854;--
arrival;10/11/2025, 09:11:00.391;0.00s;870;10/11/2025, 09:11:00.391;--
arrival;10/11/2025, 09:11:00.954;0.00s;871;10/11/2025, 09:11:00.954;--
arrival;10/11/2025, 09:11:01.416;0.00s;872;10/11/2025, 09:11:01.416;--
arrival;10/11/2025, 09:11:05.593;0.00s;873;10/11/2025, 09:11:05.593;--
arrival;10/11/2025, 09:11:06.080;0.00s;874;10/11/2025, 09:11:06.080;--
arrival;10/11/2025, 09:11:07.060;0.00s;875;10/11/2025, 09:11:07.060;--
arrival;10/11/2025, 09:11:09.117;0.00s;876;10/11/2025, 09:11:09.117;--
arrival;10/11/2025, 09:12:39.787;0.00s;877;10/11/2025, 09:12:39.787;--
arrival;10/11/2025, 09:12:40.424;0.00s;878;10/11/2025, 09:12:40.424;--
arrival;10/11/2025, 09:12:40.933;0.00s;879;10/11/2025, 09:12:40.933;--
arrival;10/11/2025, 09:12:42.503;0.00s;880;10/11/2025, 09:12:42.503;--
arrival;10/11/2025, 09:12:44.684;0.00s;881;10/11/2025, 09:12:44.684;--
arrival;10/11/2025, 09:12:47.189;0.00s;882;10/11/2025, 09:12:47.189;--
arrival;10/11/2025, 09:12:48.184;0.00s;883;10/11/2025, 09:12:48.184;--
arrival;10/11/2025, 09:12:50.976;0.00s;884;10/11/2025, 09:12:50.976;--
arrival;10/11/2025, 09:12:54.251;0.00s;885;10/11/2025, 09:12:54.251;--
arrival;10/11/2025, 09:12:55.220;0.00s;886;10/11/2025, 09:12:55.220;--
arrival;10/11/2025, 09:12:59.791;0.00s;887;10/11/2025, 09:12:59.791;--
arrival;10/11/2025, 09:13:01.234;0.00s;888;10/11/2025, 09:13:01.234;--
arrival;10/11/2025, 09:13:04.553;0.00s;889;10/11/2025, 09:13:04.553;--
arrival;10/11/2025, 09:13:05.491;0.00s;890;10/11/2025, 09:13:05.491;--
arrival;10/11/2025, 09:13:07.627;0.00s;891;10/11/2025, 09:13:07.627;--
arrival;10/11/2025, 09:13:10.856;0.00s;892;10/11/2025, 09:13:10.856;--
arrival;10/11/2025, 09:13:11.770;0.00s;893;10/11/2025, 09:13:11.770;--
arrival;10/11/2025, 09:13:13.573;0.00s;894;10/11/2025, 09:13:13.573;--
arrival;10/11/2025, 09:13:15.807;0.00s;895;10/11/2025, 09:13:15.807;--
arrival;10/11/2025, 09:13:18.921;0.00s;896;10/11/2025, 09:13:18.921;--
arrival;10/11/2025, 09:13:30.036;0.00s;897;10/11/2025, 09:13:30.036;--
arrival;10/11/2025, 09:13:31.690;0.00s;898;10/11/2025, 09:13:31.690;--
arrival;10/11/2025, 09:13:35.051;0.00s;899;10/11/2025, 09:13:35.051;--
arrival;10/11/2025, 09:13:57.807;0.00s;900;10/11/2025, 09:13:57.807;--
arrival;10/11/2025, 09:13:59.803;0.00s;901;10/11/2025, 09:13:59.803;--
arrival;10/11/2025, 09:14:06.673;0.00s;902;10/11/2025, 09:14:06.673;--
arrival;10/11/2025, 09:14:22.441;0.00s;903;10/11/2025, 09:14:22.441;--
arrival;10/11/2025, 09:14:41.659;0.00s;904;10/11/2025, 09:14:41.659;--
arrival;10/11/2025, 09:14:53.830;0.00s;905;10/11/2025, 09:14:53.830;--
arrival;10/11/2025, 09:14:57.569;0.00s;906;10/11/2025, 09:14:57.569;--
arrival;10/11/2025, 09:14:58.062;0.00s;907;10/11/2025, 09:14:58.062;--
arrival;10/11/2025, 09:14:59.603;0.00s;908;10/11/2025, 09:14:59.603;--
arrival;10/11/2025, 09:15:02.577;0.00s;909;10/11/2025, 09:15:02.577;--
arrival;10/11/2025, 09:15:04.508;0.00s;910;10/11/2025, 09:15:04.508;--
arrival;10/11/2025, 09:15:05.619;0.00s;911;10/11/2025, 09:15:05.619;--
arrival;10/11/2025, 09:15:07.979;0.00s;912;10/11/2025, 09:15:07.979;--
arrival;10/11/2025, 09:15:10.095;0.00s;913;10/11/2025, 09:15:10.095;--
arrival;10/11/2025, 09:15:11.557;0.00s;914;10/11/2025, 09:15:11.557;--
arrival;10/11/2025, 09:15:12.054;0.00s;915;10/11/2025, 09:15:12.054;--
arrival;10/11/2025, 09:15:12.625;0.00s;916;10/11/2025, 09:15:12.625;--
arrival;10/11/2025, 09:15:16.106;0.00s;917;10/11/2025, 09:15:16.106;--
arrival;10/11/2025, 09:15:17.805;0.00s;918;10/11/2025, 09:15:17.805;--
arrival;10/11/2025, 09:15:18.406;0.00s;919;10/11/2025, 09:15:18.406;--
arrival;10/11/2025, 09:15:19.013;0.00s;920;10/11/2025, 09:15:19.013;--
arrival;10/11/2025, 09:15:19.616;0.00s;921;10/11/2025, 09:15:19.616;--
arrival;10/11/2025, 09:15:20.149;0.00s;922;10/11/2025, 09:15:20.149;--
arrival;10/11/2025, 09:15:20.722;0.00s;923;10/11/2025, 09:15:20.722;--
arrival;10/11/2025, 09:15:25.131;0.00s;924;10/11/2025, 09:15:25.131;--
arrival;10/11/2025, 09:15:38.192;0.00s;925;10/11/2025, 09:15:38.192;--
arrival;10/11/2025, 09:15:47.709;0.00s;926;10/11/2025, 09:15:47.709;--
arrival;10/11/2025, 09:15:50.563;0.00s;927;10/11/2025, 09:15:50.563;--
arrival;10/11/2025, 09:15:57.006;0.00s;928;10/11/2025, 09:15:57.006;--
arrival;10/11/2025, 09:16:17.902;0.00s;929;10/11/2025, 09:16:17.902;--
arrival;10/11/2025, 09:16:43.743;0.00s;930;10/11/2025, 09:16:43.743;--
arrival;10/11/2025, 09:16:46.541;0.00s;931;10/11/2025, 09:16:46.541;--
arrival;10/11/2025, 09:16:50.657;0.00s;932;10/11/2025, 09:16:50.657;--
arrival;10/11/2025, 09:16:53.291;0.00s;933;10/11/2025, 09:16:53.291;--
arrival;10/11/2025, 09:16:54.763;0.00s;934;10/11/2025, 09:16:54.763;--
arrival;10/11/2025, 09:16:55.967;0.00s;935;10/11/2025, 09:16:55.967;--
arrival;10/11/2025, 09:16:56.602;0.00s;936;10/11/2025, 09:16:56.602;--
arrival;10/11/2025, 09:16:57.811;0.00s;937;10/11/2025, 09:16:57.811;--
arrival;10/11/2025, 09:16:58.607;0.00s;938;10/11/2025, 09:16:58.607;--
arrival;10/11/2025, 09:17:01.587;0.00s;939;10/11/2025, 09:17:01.587;--
arrival;10/11/2025, 09:17:03.418;0.00s;940;10/11/2025, 09:17:03.418;--
arrival;10/11/2025, 09:17:04.456;0.00s;941;10/11/2025, 09:17:04.456;--
arrival;10/11/2025, 09:17:08.223;0.00s;942;10/11/2025, 09:17:08.223;--
arrival;10/11/2025, 09:17:09.248;0.00s;943;10/11/2025, 09:17:09.248;--
arrival;10/11/2025, 09:17:09.909;0.00s;944;10/11/2025, 09:17:09.909;--
arrival;10/11/2025, 09:17:12.422;0.00s;945;10/11/2025, 09:17:12.422;--
arrival;10/11/2025, 09:17:21.112;0.00s;946;10/11/2025, 09:17:21.112;--
arrival;10/11/2025, 09:17:23.414;0.00s;947;10/11/2025, 09:17:23.414;--
arrival;10/11/2025, 09:17:34.446;0.00s;948;10/11/2025, 09:17:34.446;--
arrival;10/11/2025, 09:17:35.322;0.00s;949;10/11/2025, 09:17:35.322;--
arrival;10/11/2025, 09:17:37.325;0.00s;950;10/11/2025, 09:17:37.325;--
arrival;10/11/2025, 09:17:42.132;0.00s;951;10/11/2025, 09:17:42.132;--
arrival;10/11/2025, 09:17:44.062;0.00s;952;10/11/2025, 09:17:44.062;--
arrival;10/11/2025, 09:18:02.301;0.00s;953;10/11/2025, 09:18:02.301;--
arrival;10/11/2025, 09:18:06.523;0.00s;954;10/11/2025, 09:18:06.523;--
arrival;10/11/2025, 09:18:08.374;0.00s;955;10/11/2025, 09:18:08.374;--
arrival;10/11/2025, 09:18:46.043;0.00s;956;10/11/2025, 09:18:46.043;--
arrival;10/11/2025, 09:18:49.447;0.00s;957;10/11/2025, 09:18:49.447;--
arrival;10/11/2025, 09:18:51.011;0.00s;958;10/11/2025, 09:18:51.011;--
arrival;10/11/2025, 09:18:53.392;0.00s;959;10/11/2025, 09:18:53.392;--
arrival;10/11/2025, 09:18:54.901;0.00s;960;10/11/2025, 09:18:54.901;--
arrival;10/11/2025, 09:18:56.578;0.00s;961;10/11/2025, 09:18:56.578;--
arrival;10/11/2025, 09:18:57.422;0.00s;962;10/11/2025, 09:18:57.422;--
arrival;10/11/2025, 09:18:59.279;0.00s;963;10/11/2025, 09:18:59.279;--
arrival;10/11/2025, 09:19:00.586;0.00s;964;10/11/2025, 09:19:00.586;--
arrival;10/11/2025, 09:19:03.232;0.00s;965;10/11/2025, 09:19:03.232;--
arrival;10/11/2025, 09:19:05.287;0.00s;966;10/11/2025, 09:19:05.287;--
arrival;10/11/2025, 09:19:06.395;0.00s;967;10/11/2025, 09:19:06.395;--
arrival;10/11/2025, 09:19:08.108;0.00s;968;10/11/2025, 09:19:08.108;--
arrival;10/11/2025, 09:19:08.885;0.00s;969;10/11/2025, 09:19:08.885;--
arrival;10/11/2025, 09:19:09.494;0.00s;970;10/11/2025, 09:19:09.494;--
arrival;10/11/2025, 09:19:09.942;0.00s;971;10/11/2025, 09:19:09.942;--
arrival;10/11/2025, 09:19:10.462;0.00s;972;10/11/2025, 09:19:10.462;--
arrival;10/11/2025, 09:19:11.046;0.00s;973;10/11/2025, 09:19:11.046;--
arrival;10/11/2025, 09:19:11.721;0.00s;974;10/11/2025, 09:19:11.721;--
arrival;10/11/2025, 09:19:15.029;0.00s;975;10/11/2025, 09:19:15.029;--
arrival;10/11/2025, 09:19:16.066;0.00s;976;10/11/2025, 09:19:16.066;--
arrival;10/11/2025, 09:19:16.672;0.00s;977;10/11/2025, 09:19:16.672;--
arrival;10/11/2025, 09:19:17.200;0.00s;978;10/11/2025, 09:19:17.200;--
arrival;10/11/2025, 09:19:28.389;0.00s;979;10/11/2025, 09:19:28.389;--
arrival;10/11/2025, 09:19:30.010;0.00s;980;10/11/2025, 09:19:30.010;--
arrival;10/11/2025, 09:19:33.428;0.00s;981;10/11/2025, 09:19:33.428;--
arrival;10/11/2025, 09:19:35.451;0.00s;982;10/11/2025, 09:19:35.451;--
arrival;10/11/2025, 09:19:37.235;0.00s;983;10/11/2025, 09:19:37.235;--
arrival;10/11/2025, 09:19:39.174;0.00s;984;10/11/2025, 09:19:39.174;--
arrival;10/11/2025, 09:19:41.160;0.00s;985;10/11/2025, 09:19:41.160;--
arrival;10/11/2025, 09:19:42.513;0.00s;986;10/11/2025, 09:19:42.513;--
arrival;10/11/2025, 09:19:43.544;0.00s;987;10/11/2025, 09:19:43.544;--
arrival;10/11/2025, 09:19:45.330;0.00s;988;10/11/2025, 09:19:45.330;--
arrival;10/11/2025, 09:19:52.417;0.00s;989;10/11/2025, 09:19:52.417;--
arrival;10/11/2025, 09:20:45.239;0.00s;990;10/11/2025, 09:20:45.239;--
arrival;10/11/2025, 09:20:45.930;0.00s;991;10/11/2025, 09:20:45.930;--
arrival;10/11/2025, 09:20:47.231;0.00s;992;10/11/2025, 09:20:47.231;--
arrival;10/11/2025, 09:20:49.782;0.00s;993;10/11/2025, 09:20:49.782;--
arrival;10/11/2025, 09:20:54.055;0.00s;994;10/11/2025, 09:20:54.055;--
arrival;10/11/2025, 09:20:57.075;0.00s;995;10/11/2025, 09:20:57.075;--
arrival;10/11/2025, 09:20:58.244;0.00s;996;10/11/2025, 09:20:58.244;--
arrival;10/11/2025, 09:21:01.366;0.00s;997;10/11/2025, 09:21:01.366;--
arrival;10/11/2025, 09:21:02.983;0.00s;998;10/11/2025, 09:21:02.983;--
arrival;10/11/2025, 09:21:04.409;0.00s;999;10/11/2025, 09:21:04.409;--
arrival;10/11/2025, 09:21:07.168;0.00s;1000;10/11/2025, 09:21:07.168;--
arrival;10/11/2025, 09:21:09.527;0.00s;1001;10/11/2025, 09:21:09.527;--
arrival;10/11/2025, 09:21:18.639;0.00s;1002;10/11/2025, 09:21:18.639;--
arrival;10/11/2025, 09:21:20.151;0.00s;1003;10/11/2025, 09:21:20.151;--
arrival;10/11/2025, 09:21:20.856;0.00s;1004;10/11/2025, 09:21:20.856;--
arrival;10/11/2025, 09:21:21.327;0.00s;1005;10/11/2025, 09:21:21.327;--
arrival;10/11/2025, 09:21:21.776;0.00s;1006;10/11/2025, 09:21:21.776;--
arrival;10/11/2025, 09:21:22.252;0.00s;1007;10/11/2025, 09:21:22.252;--
arrival;10/11/2025, 09:21:22.675;0.00s;1008;10/11/2025, 09:21:22.675;--
arrival;10/11/2025, 09:21:23.114;0.00s;1009;10/11/2025, 09:21:23.114;--
arrival;10/11/2025, 09:21:23.595;0.00s;1010;10/11/2025, 09:21:23.595;--
arrival;10/11/2025, 09:21:26.004;0.00s;1011;10/11/2025, 09:21:26.004;--
arrival;10/11/2025, 09:21:33.287;0.00s;1012;10/11/2025, 09:21:33.287;--
arrival;10/11/2025, 09:21:46.897;0.00s;1013;10/11/2025, 09:21:46.897;--
arrival;10/11/2025, 09:22:24.551;0.00s;1014;10/11/2025, 09:22:24.551;--
arrival;10/11/2025, 09:22:41.843;0.00s;1015;10/11/2025, 09:22:41.843;--
arrival;10/11/2025, 09:22:43.640;0.00s;1016;10/11/2025, 09:22:43.640;--
arrival;10/11/2025, 09:22:48.070;0.00s;1017;10/11/2025, 09:22:48.070;--
arrival;10/11/2025, 09:22:50.780;0.00s;1018;10/11/2025, 09:22:50.780;--
arrival;10/11/2025, 09:22:52.542;0.00s;1019;10/11/2025, 09:22:52.542;--
arrival;10/11/2025, 09:22:54.117;0.00s;1020;10/11/2025, 09:22:54.117;--
arrival;10/11/2025, 09:22:56.400;0.00s;1021;10/11/2025, 09:22:56.400;--
arrival;10/11/2025, 09:22:57.564;0.00s;1022;10/11/2025, 09:22:57.564;--
arrival;10/11/2025, 09:22:59.756;0.00s;1023;10/11/2025, 09:22:59.756;--
arrival;10/11/2025, 09:23:01.572;0.00s;1024;10/11/2025, 09:23:01.572;--
arrival;10/11/2025, 09:23:02.549;0.00s;1025;10/11/2025, 09:23:02.549;--
arrival;10/11/2025, 09:23:03.744;0.00s;1026;10/11/2025, 09:23:03.744;--
arrival;10/11/2025, 09:23:05.151;0.00s;1027;10/11/2025, 09:23:05.151;--
arrival;10/11/2025, 09:23:06.194;0.00s;1028;10/11/2025, 09:23:06.194;--
arrival;10/11/2025, 09:23:07.024;0.00s;1029;10/11/2025, 09:23:07.024;--
arrival;10/11/2025, 09:23:08.760;0.00s;1030;10/11/2025, 09:23:08.760;--
arrival;10/11/2025, 09:23:13.635;0.00s;1031;10/11/2025, 09:23:13.635;--
arrival;10/11/2025, 09:23:14.155;0.00s;1032;10/11/2025, 09:23:14.155;--
arrival;10/11/2025, 09:23:14.783;0.00s;1033;10/11/2025, 09:23:14.783;--
arrival;10/11/2025, 09:23:15.217;0.00s;1034;10/11/2025, 09:23:15.217;--
arrival;10/11/2025, 09:23:15.606;0.00s;1035;10/11/2025, 09:23:15.606;--
arrival;10/11/2025, 09:23:16.005;0.00s;1036;10/11/2025, 09:23:16.005;--
arrival;10/11/2025, 09:23:16.555;0.00s;1037;10/11/2025, 09:23:16.555;--
arrival;10/11/2025, 09:23:17.152;0.00s;1038;10/11/2025, 09:23:17.152;--
arrival;10/11/2025, 09:23:17.743;0.00s;1039;10/11/2025, 09:23:17.743;--
arrival;10/11/2025, 09:23:18.996;0.00s;1040;10/11/2025, 09:23:18.996;--
arrival;10/11/2025, 09:23:19.695;0.00s;1041;10/11/2025, 09:23:19.695;--
arrival;10/11/2025, 09:23:24.226;0.00s;1042;10/11/2025, 09:23:24.226;--
arrival;10/11/2025, 09:23:47.473;0.00s;1043;10/11/2025, 09:23:47.473;--
arrival;10/11/2025, 09:24:11.401;0.00s;1044;10/11/2025, 09:24:11.401;--
arrival;10/11/2025, 09:24:38.547;0.00s;1045;10/11/2025, 09:24:38.547;--
arrival;10/11/2025, 09:24:43.343;0.00s;1046;10/11/2025, 09:24:43.343;--
arrival;10/11/2025, 09:24:44.782;0.00s;1047;10/11/2025, 09:24:44.782;--
arrival;10/11/2025, 09:24:46.987;0.00s;1048;10/11/2025, 09:24:46.987;--
arrival;10/11/2025, 09:24:49.434;0.00s;1049;10/11/2025, 09:24:49.434;--
arrival;10/11/2025, 09:24:51.508;0.00s;1050;10/11/2025, 09:24:51.508;--
arrival;10/11/2025, 09:24:54.141;0.00s;1051;10/11/2025, 09:24:54.141;--
arrival;10/11/2025, 09:24:55.262;0.00s;1052;10/11/2025, 09:24:55.262;--
arrival;10/11/2025, 09:24:56.598;0.00s;1053;10/11/2025, 09:24:56.598;--
arrival;10/11/2025, 09:24:57.761;0.00s;1054;10/11/2025, 09:24:57.761;--
arrival;10/11/2025, 09:24:58.522;0.00s;1055;10/11/2025, 09:24:58.522;--
arrival;10/11/2025, 09:24:59.337;0.00s;1056;10/11/2025, 09:24:59.337;--
arrival;10/11/2025, 09:25:01.382;0.00s;1057;10/11/2025, 09:25:01.382;--
arrival;10/11/2025, 09:25:02.314;0.00s;1058;10/11/2025, 09:25:02.314;--
arrival;10/11/2025, 09:25:06.547;0.00s;1059;10/11/2025, 09:25:06.547;--
arrival;10/11/2025, 09:25:07.969;0.00s;1060;10/11/2025, 09:25:07.969;--
arrival;10/11/2025, 09:25:09.549;0.00s;1061;10/11/2025, 09:25:09.549;--
arrival;10/11/2025, 09:25:10.363;0.00s;1062;10/11/2025, 09:25:10.363;--
arrival;10/11/2025, 09:25:27.738;0.00s;1063;10/11/2025, 09:25:27.738;--
arrival;10/11/2025, 09:25:33.225;0.00s;1064;10/11/2025, 09:25:33.225;--
arrival;10/11/2025, 09:25:36.795;0.00s;1065;10/11/2025, 09:25:36.795;--
arrival;10/11/2025, 09:25:38.956;0.00s;1066;10/11/2025, 09:25:38.956;--
arrival;10/11/2025, 09:25:40.383;0.00s;1067;10/11/2025, 09:25:40.383;--
arrival;10/11/2025, 09:25:48.666;0.00s;1068;10/11/2025, 09:25:48.666;--
arrival;10/11/2025, 09:25:49.347;0.00s;1069;10/11/2025, 09:25:49.347;--
arrival;10/11/2025, 09:25:49.838;0.00s;1070;10/11/2025, 09:25:49.838;--
arrival;10/11/2025, 09:25:50.408;0.00s;1071;10/11/2025, 09:25:50.408;--
arrival;10/11/2025, 09:25:56.371;0.00s;1072;10/11/2025, 09:25:56.371;--
arrival;10/11/2025, 09:25:57.011;0.00s;1073;10/11/2025, 09:25:57.011;--
arrival;10/11/2025, 09:26:26.127;0.00s;1074;10/11/2025, 09:26:26.127;--
arrival;10/11/2025, 09:26:35.553;0.00s;1075;10/11/2025, 09:26:35.553;--
arrival;10/11/2025, 09:26:40.207;0.00s;1076;10/11/2025, 09:26:40.207;--
arrival;10/11/2025, 09:26:42.294;0.00s;1077;10/11/2025, 09:26:42.294;--
arrival;10/11/2025, 09:26:44.173;0.00s;1078;10/11/2025, 09:26:44.173;--
arrival;10/11/2025, 09:26:45.625;0.00s;1079;10/11/2025, 09:26:45.625;--
arrival;10/11/2025, 09:26:50.435;0.00s;1080;10/11/2025, 09:26:50.435;--
arrival;10/11/2025, 09:26:52.481;0.00s;1081;10/11/2025, 09:26:52.481;--
arrival;10/11/2025, 09:26:53.075;0.00s;1082;10/11/2025, 09:26:53.075;--
arrival;10/11/2025, 09:26:53.652;0.00s;1083;10/11/2025, 09:26:53.652;--
arrival;10/11/2025, 09:26:54.380;0.00s;1084;10/11/2025, 09:26:54.380;--
arrival;10/11/2025, 09:26:55.042;0.00s;1085;10/11/2025, 09:26:55.042;--
arrival;10/11/2025, 09:26:55.610;0.00s;1086;10/11/2025, 09:26:55.610;--
arrival;10/11/2025, 09:26:56.126;0.00s;1087;10/11/2025, 09:26:56.126;--
arrival;10/11/2025, 09:26:56.665;0.00s;1088;10/11/2025, 09:26:56.665;--
arrival;10/11/2025, 09:26:57.210;0.00s;1089;10/11/2025, 09:26:57.210;--
arrival;10/11/2025, 09:26:57.745;0.00s;1090;10/11/2025, 09:26:57.745;--
arrival;10/11/2025, 09:26:58.245;0.00s;1091;10/11/2025, 09:26:58.245;--
arrival;10/11/2025, 09:26:58.793;0.00s;1092;10/11/2025, 09:26:58.793;--
arrival;10/11/2025, 09:26:59.294;0.00s;1093;10/11/2025, 09:26:59.294;--
arrival;10/11/2025, 09:27:08.122;0.00s;1094;10/11/2025, 09:27:08.122;--
arrival;10/11/2025, 09:27:08.534;0.00s;1095;10/11/2025, 09:27:08.534;--
arrival;10/11/2025, 09:27:08.930;0.00s;1096;10/11/2025, 09:27:08.930;--
arrival;10/11/2025, 09:27:09.739;0.00s;1097;10/11/2025, 09:27:09.739;--
arrival;10/11/2025, 09:27:33.272;0.00s;1098;10/11/2025, 09:27:33.272;--
arrival;10/11/2025, 09:27:47.794;0.00s;1099;10/11/2025, 09:27:47.794;--
arrival;10/11/2025, 09:28:37.122;0.00s;1100;10/11/2025, 09:28:37.122;--
arrival;10/11/2025, 09:28:37.955;0.00s;1101;10/11/2025, 09:28:37.955;--
arrival;10/11/2025, 09:28:39.480;0.00s;1102;10/11/2025, 09:28:39.480;--
arrival;10/11/2025, 09:28:42.796;0.00s;1103;10/11/2025, 09:28:42.796;--
arrival;10/11/2025, 09:28:45.419;0.00s;1104;10/11/2025, 09:28:45.419;--
arrival;10/11/2025, 09:28:47.166;0.00s;1105;10/11/2025, 09:28:47.166;--
arrival;10/11/2025, 09:28:49.172;0.00s;1106;10/11/2025, 09:28:49.172;--
arrival;10/11/2025, 09:28:51.611;0.00s;1107;10/11/2025, 09:28:51.611;--
arrival;10/11/2025, 09:28:54.209;0.00s;1108;10/11/2025, 09:28:54.209;--
arrival;10/11/2025, 09:28:55.908;0.00s;1109;10/11/2025, 09:28:55.908;--
arrival;10/11/2025, 09:28:56.500;0.00s;1110;10/11/2025, 09:28:56.500;--
arrival;10/11/2025, 09:28:57.111;0.00s;1111;10/11/2025, 09:28:57.111;--
arrival;10/11/2025, 09:28:57.572;0.00s;1112;10/11/2025, 09:28:57.572;--
arrival;10/11/2025, 09:29:01.772;0.00s;1113;10/11/2025, 09:29:01.772;--
arrival;10/11/2025, 09:29:02.595;0.00s;1114;10/11/2025, 09:29:02.595;--
arrival;10/11/2025, 09:29:03.088;0.00s;1115;10/11/2025, 09:29:03.088;--
arrival;10/11/2025, 09:29:03.640;0.00s;1116;10/11/2025, 09:29:03.640;--
arrival;10/11/2025, 09:29:04.249;0.00s;1117;10/11/2025, 09:29:04.249;--
arrival;10/11/2025, 09:29:04.750;0.00s;1118;10/11/2025, 09:29:04.750;--
arrival;10/11/2025, 09:29:05.222;0.00s;1119;10/11/2025, 09:29:05.222;--
arrival;10/11/2025, 09:29:05.871;0.00s;1120;10/11/2025, 09:29:05.871;--