Tipo;Carimbo de Data/Hora;Tempo Total;Elemento;Chegando;Saindo
arrival;10/11/2025, 07:28:52.826;0.00s;1;2025-11-10 07:28:52.826;--
arrival;10/11/2025, 07:28:53.945;0.00s;2;2025-11-10 07:28:53.945;--
arrival;10/11/2025, 07:28:55.622;0.00s;3;2025-11-10 07:28:55.622;--
arrival;10/11/2025, 07:28:57.384;0.00s;4;2025-11-10 07:28:57.384;--
arrival;10/11/2025, 07:29:00.962;0.00s;5;2025-11-10 07:29:00.962;--
arrival;10/11/2025, 07:29:04.784;0.00s;6;2025-11-10 07:29:04.784;--
arrival;10/11/2025, 07:29:11.241;0.00s;7;2025-11-10 07:29:11.241;--
arrival;10/11/2025, 07:29:12.945;0.00s;8;2025-11-10 07:29:12.945;--
arrival;10/11/2025, 07:29:20.780;0.00s;9;2025-11-10 07:29:20.780;--
arrival;10/11/2025, 07:29:34.080;0.00s;10;2025-11-10 07:29:34.080;--
arrival;10/11/2025, 07:29:37.140;0.00s;11;2025-11-10 07:29:37.140;--
arrival;10/11/2025, 07:29:38.982;0.00s;12;2025-11-10 07:29:38.982;--
arrival;10/11/2025, 07:29:40.693;0.00s;13;2025-11-10 07:29:40.693;--
arrival;10/11/2025, 07:29:41.555;0.00s;14;2025-11-10 07:29:41.555;--
arrival;10/11/2025, 07:29:42.153;0.00s;15;2025-11-10 07:29:42.153;--
arrival;10/11/2025, 07:29:42.780;0.00s;16;2025-11-10 07:29:42.780;--
arrival;10/11/2025, 07:29:43.387;0.00s;17;2025-11-10 07:29:43.387;--
arrival;10/11/2025, 07:29:43.995;0.00s;18;2025-11-10 07:29:43.995;--
arrival;10/11/2025, 07:29:44.582;0.00s;19;2025-11-10 07:29:44.582;--
arrival;10/11/2025, 07:29:45.428;0.00s;20;2025-11-10 07:29:45.428;--
arrival;10/11/2025, 07:29:46.035;0.00s;21;2025-11-10 07:29:46.035;--
arrival;10/11/2025, 07:29:48.333;0.00s;22;2025-11-10 07:29:48.333;--
arrival;10/11/2025, 07:29:48.788;0.00s;23;2025-11-10 07:29:48.788;--
arrival;10/11/2025, 07:29:50.723;0.00s;24;2025-11-10 07:29:50.723;--
arrival;10/11/2025, 07:29:51.506;0.00s;25;2025-11-10 07:29:51.506;--
arrival;10/11/2025, 07:30:22.130;0.00s;26;2025-11-10 07:30:22.130;--
arrival;10/11/2025, 07:30:22.911;0.00s;27;2025-11-10 07:30:22.911;--
arrival;10/11/2025, 07:30:30.290;0.00s;28;2025-11-10 07:30:30.290;--
arrival;10/11/2025, 07:30:30.692;0.00s;29;2025-11-10 07:30:30.692;--
arrival;10/11/2025, 07:30:40.772;0.00s;30;2025-11-10 07:30:40.772;--
arrival;10/11/2025, 07:30:41.642;0.00s;31;2025-11-10 07:30:41.642;--
arrival;10/11/2025, 07:31:29.611;0.00s;32;2025-11-10 07:31:29.611;--
arrival;10/11/2025, 07:31:31.174;0.00s;33;2025-11-10 07:31:31.174;--
arrival;10/11/2025, 07:31:32.104;0.00s;34;2025-11-10 07:31:32.104;--
arrival;10/11/2025, 07:31:37.286;0.00s;35;2025-11-10 07:31:37.286;--
arrival;10/11/2025, 07:31:38.649;0.00s;36;2025-11-10 07:31:38.649;--
arrival;10/11/2025, 07:31:43.373;0.00s;37;2025-11-10 07:31:43.373;--
arrival;10/11/2025, 07:31:45.895;0.00s;38;2025-11-10 07:31:45.895;--
arrival;10/11/2025, 07:31:53.475;0.00s;39;2025-11-10 07:31:53.475;--
arrival;10/11/2025, 07:31:54.297;0.00s;40;2025-11-10 07:31:54.297;--
arrival;10/11/2025, 07:31:55.103;0.00s;41;2025-11-10 07:31:55.103;--
arrival;10/11/2025, 07:31:56.119;0.00s;42;2025-11-10 07:31:56.119;--
arrival;10/11/2025, 07:32:00.673;0.00s;43;2025-11-10 07:32:00.673;--
arrival;10/11/2025, 07:32:33.091;0.00s;44;2025-11-10 07:32:33.091;--
arrival;10/11/2025, 07:32:33.790;0.00s;45;2025-11-10 07:32:33.790;--
arrival;10/11/2025, 07:32:34.444;0.00s;46;2025-11-10 07:32:34.444;--
arrival;10/11/2025, 07:32:35.296;0.00s;47;2025-11-10 07:32:35.296;--
arrival;10/11/2025, 07:32:58.451;0.00s;48;2025-11-10 07:32:58.451;--
arrival;10/11/2025, 07:33:22.645;0.00s;49;2025-11-10 07:33:22.645;--
arrival;10/11/2025, 07:33:29.440;0.00s;50;2025-11-10 07:33:29.440;--
arrival;10/11/2025, 07:33:36.503;0.00s;51;2025-11-10 07:33:36.503;--
arrival;10/11/2025, 07:33:37.005;0.00s;52;2025-11-10 07:33:37.005;--
arrival;10/11/2025, 07:33:46.202;0.00s;53;2025-11-10 07:33:46.202;--
arrival;10/11/2025, 07:33:47.494;0.00s;54;2025-11-10 07:33:47.494;--
arrival;10/11/2025, 07:34:14.847;0.00s;55;2025-11-10 07:34:14.847;--
arrival;10/11/2025, 07:34:18.179;0.00s;56;2025-11-10 07:34:18.179;--
arrival;10/11/2025, 07:34:27.533;0.00s;57;2025-11-10 07:34:27.533;--
arrival;10/11/2025, 07:34:40.167;0.00s;58;2025-11-10 07:34:40.167;--
arrival;10/11/2025, 07:34:40.795;0.00s;59;2025-11-10 07:34:40.795;--
arrival;10/11/2025, 07:35:13.493;0.00s;60;2025-11-10 07:35:13.493;--
arrival;10/11/2025, 07:35:23.197;0.00s;61;2025-11-10 07:35:23.197;--
arrival;10/11/2025, 07:35:23.632;0.00s;62;2025-11-10 07:35:23.632;--
arrival;10/11/2025, 07:35:24.164;0.00s;63;2025-11-10 07:35:24.164;--
arrival;10/11/2025, 07:35:31.623;0.00s;64;2025-11-10 07:35:31.623;--
arrival;10/11/2025, 07:35:37.424;0.00s;65;2025-11-10 07:35:37.424;--
arrival;10/11/2025, 07:35:47.286;0.00s;66;2025-11-10 07:35:47.286;--
arrival;10/11/2025, 07:36:02.833;0.00s;67;2025-11-10 07:36:02.833;--
arrival;10/11/2025, 07:36:07.067;0.00s;68;2025-11-10 07:36:07.067;--
arrival;10/11/2025, 07:36:13.197;0.00s;69;2025-11-10 07:36:13.197;--
arrival;10/11/2025, 07:36:15.253;0.00s;70;2025-11-10 07:36:15.253;--
arrival;10/11/2025, 07:36:16.156;0.00s;71;2025-11-10 07:36:16.156;--
arrival;10/11/2025, 07:36:20.192;0.00s;72;2025-11-10 07:36:20.192;--
arrival;10/11/2025, 07:36:31.753;0.00s;73;2025-11-10 07:36:31.753;--
arrival;10/11/2025, 07:36:34.091;0.00s;74;2025-11-10 07:36:34.091;--
arrival;10/11/2025, 07:37:23.084;0.00s;75;2025-11-10 07:37:23.084;--
arrival;10/11/2025, 07:37:23.772;0.00s;76;2025-11-10 07:37:23.772;--
arrival;10/11/2025, 07:37:24.452;0.00s;77;2025-11-10 07:37:24.452;--
arrival;10/11/2025, 07:37:25.177;0.00s;78;2025-11-10 07:37:25.177;--
arrival;10/11/2025, 07:37:25.833;0.00s;79;2025-11-10 07:37:25.833;--
arrival;10/11/2025, 07:37:30.456;0.00s;80;2025-11-10 07:37:30.456;--
arrival;10/11/2025, 07:38:03.064;0.00s;81;2025-11-10 07:38:03.064;--
arrival;10/11/2025, 07:38:04.183;0.00s;82;2025-11-10 07:38:04.183;--
arrival;10/11/2025, 07:38:09.855;0.00s;83;2025-11-10 07:38:09.855;--
arrival;10/11/2025, 07:38:43.626;0.00s;84;2025-11-10 07:38:43.626;--
arrival;10/11/2025, 07:39:04.774;0.00s;85;2025-11-10 07:39:04.774;--
arrival;10/11/2025, 07:39:07.184;0.00s;86;2025-11-10 07:39:07.184;--
arrival;10/11/2025, 07:39:18.565;0.00s;87;2025-11-10 07:39:18.565;--
arrival;10/11/2025, 07:39:21.389;0.00s;88;2025-11-10 07:39:21.389;--
arrival;10/11/2025, 07:39:22.380;0.00s;89;2025-11-10 07:39:22.380;--
arrival;10/11/2025, 07:39:23.945;0.00s;90;2025-11-10 07:39:23.945;--
arrival;10/11/2025, 07:39:25.862;0.00s;91;2025-11-10 07:39:25.862;--
arrival;10/11/2025, 07:39:29.475;0.00s;92;2025-11-10 07:39:29.475;--
arrival;10/11/2025, 07:39:30.427;0.00s;93;2025-11-10 07:39:30.427;--
arrival;10/11/2025, 07:39:44.960;0.00s;94;2025-11-10 07:39:44.960;--
arrival;10/11/2025, 07:40:02.367;0.00s;95;2025-11-10 07:40:02.367;--
arrival;10/11/2025, 07:40:07.088;0.00s;96;2025-11-10 07:40:07.088;--
arrival;10/11/2025, 07:40:07.982;0.00s;97;2025-11-10 07:40:07.982;--
arrival;10/11/2025, 07:40:09.619;0.00s;98;2025-11-10 07:40:09.619;--
arrival;10/11/2025, 07:40:14.320;0.00s;99;2025-11-10 07:40:14.320;--
arrival;10/11/2025, 07:40:44.581;0.00s;100;2025-11-10 07:40:44.581;--
arrival;10/11/2025, 07:41:34.949;0.00s;101;2025-11-10 07:41:34.949;--
arrival;10/11/2025, 07:41:38.998;0.00s;102;2025-11-10 07:41:38.998;--
arrival;10/11/2025, 07:41:41.163;0.00s;103;2025-11-10 07:41:41.163;--
arrival;10/11/2025, 07:41:43.948;0.00s;104;2025-11-10 07:41:43.948;--
arrival;10/11/2025, 07:41:44.577;0.00s;105;2025-11-10 07:41:44.577;--
arrival;10/11/2025, 07:41:45.349;0.00s;106;2025-11-10 07:41:45.349;--
arrival;10/11/2025, 07:41:49.179;0.00s;107;2025-11-10 07:41:49.179;--
arrival;10/11/2025, 07:41:51.898;0.00s;108;2025-11-10 07:41:51.898;--
arrival;10/11/2025, 07:41:59.916;0.00s;109;2025-11-10 07:41:59.916;--
arrival;10/11/2025, 07:42:05.360;0.00s;110;2025-11-10 07:42:05.360;--
arrival;10/11/2025, 07:42:06.527;0.00s;111;2025-11-10 07:42:06.527;--
arrival;10/11/2025, 07:42:07.908;0.00s;112;2025-11-10 07:42:07.908;--
arrival;10/11/2025, 07:42:10.776;0.00s;113;2025-11-10 07:42:10.776;--
arrival;10/11/2025, 07:42:29.669;0.00s;114;2025-11-10 07:42:29.669;--
arrival;10/11/2025, 07:43:17.035;0.00s;115;2025-11-10 07:43:17.035;--
arrival;10/11/2025, 07:43:42.099;0.00s;116;2025-11-10 07:43:42.099;--
arrival;10/11/2025, 07:43:49.951;0.00s;117;2025-11-10 07:43:49.951;--
arrival;10/11/2025, 07:43:51.850;0.00s;118;2025-11-10 07:43:51.850;--
arrival;10/11/2025, 07:43:55.749;0.00s;119;2025-11-10 07:43:55.749;--
arrival;10/11/2025, 07:43:58.388;0.00s;120;2025-11-10 07:43:58.388;--
arrival;10/11/2025, 07:44:00.737;0.00s;121;2025-11-10 07:44:00.737;--
arrival;10/11/2025, 07:44:04.433;0.00s;122;2025-11-10 07:44:04.433;--
arrival;10/11/2025, 07:44:12.283;0.00s;123;2025-11-10 07:44:12.283;--
arrival;10/11/2025, 07:44:35.027;0.00s;124;2025-11-10 07:44:35.027;--
arrival;10/11/2025, 07:45:11.594;0.00s;125;2025-11-10 07:45:11.594;--
arrival;10/11/2025, 07:45:13.065;0.00s;126;2025-11-10 07:45:13.065;--
arrival;10/11/2025, 07:45:15.575;0.00s;127;2025-11-10 07:45:15.575;--
arrival;10/11/2025, 07:45:18.457;0.00s;128;2025-11-10 07:45:18.457;--
arrival;10/11/2025, 07:45:21.715;0.00s;129;2025-11-10 07:45:21.715;--
arrival;10/11/2025, 07:45:41.127;0.00s;130;2025-11-10 07:45:41.127;--
arrival;10/11/2025, 07:45:52.553;0.00s;131;2025-11-10 07:45:52.553;--
arrival;10/11/2025, 07:46:01.006;0.00s;132;2025-11-10 07:46:01.006;--
arrival;10/11/2025, 07:46:03.605;0.00s;133;2025-11-10 07:46:03.605;--
arrival;10/11/2025, 07:46:34.747;0.00s;134;2025-11-10 07:46:34.747;--
arrival;10/11/2025, 07:46:49.868;0.00s;135;2025-11-10 07:46:49.868;--
arrival;10/11/2025, 07:46:50.470;0.00s;136;2025-11-10 07:46:50.470;--
arrival;10/11/2025, 07:47:10.682;0.00s;137;2025-11-10 07:47:10.682;--
arrival;10/11/2025, 07:47:11.224;0.00s;138;2025-11-10 07:47:11.224;--
arrival;10/11/2025, 07:47:11.658;0.00s;139;2025-11-10 07:47:11.658;--
arrival;10/11/2025, 07:47:19.009;0.00s;140;2025-11-10 07:47:19.009;--
arrival;10/11/2025, 07:47:20.022;0.00s;141;2025-11-10 07:47:20.022;--
arrival;10/11/2025, 07:47:46.776;0.00s;142;2025-11-10 07:47:46.776;--
arrival;10/11/2025, 07:47:48.271;0.00s;143;2025-11-10 07:47:48.271;--
arrival;10/11/2025, 07:47:50.893;0.00s;144;2025-11-10 07:47:50.893;--
arrival;10/11/2025, 07:48:09.944;0.00s;145;2025-11-10 07:48:09.944;--
arrival;10/11/2025, 07:48:11.743;0.00s;146;2025-11-10 07:48:11.743;--
arrival;10/11/2025, 07:48:14.191;0.00s;147;2025-11-10 07:48:14.191;--
arrival;10/11/2025, 07:48:27.742;0.00s;148;2025-11-10 07:48:27.742;--
arrival;10/11/2025, 07:49:15.067;0.00s;149;2025-11-10 07:49:15.067;--
arrival;10/11/2025, 07:49:17.885;0.00s;150;2025-11-10 07:49:17.885;--
arrival;10/11/2025, 07:49:19.049;0.00s;151;2025-11-10 07:49:19.049;--
arrival;10/11/2025, 07:49:20.014;0.00s;152;2025-11-10 07:49:20.014;--
arrival;10/11/2025, 07:49:20.741;0.00s;153;2025-11-10 07:49:20.741;--
arrival;10/11/2025, 07:49:29.321;0.00s;154;2025-11-10 07:49:29.321;--
arrival;10/11/2025, 07:49:36.023;0.00s;155;2025-11-10 07:49:36.023;--
arrival;10/11/2025, 07:49:55.203;0.00s;156;2025-11-10 07:49:55.203;--
arrival;10/11/2025, 07:50:05.854;0.00s;157;2025-11-10 07:50:05.854;--
arrival;10/11/2025, 07:50:07.003;0.00s;158;2025-11-10 07:50:07.003;--
arrival;10/11/2025, 07:50:40.919;0.00s;159;2025-11-10 07:50:40.919;--
arrival;10/11/2025, 07:50:44.546;0.00s;160;2025-11-10 07:50:44.546;--
arrival;10/11/2025, 07:50:46.226;0.00s;161;2025-11-10 07:50:46.226;--
arrival;10/11/2025, 07:51:12.081;0.00s;162;2025-11-10 07:51:12.081;--
arrival;10/11/2025, 07:51:19.113;0.00s;163;2025-11-10 07:51:19.113;--
arrival;10/11/2025, 07:51:19.919;0.00s;164;2025-11-10 07:51:19.919;--
arrival;10/11/2025, 07:51:34.286;0.00s;165;2025-11-10 07:51:34.286;--
arrival;10/11/2025, 07:51:39.092;0.00s;166;2025-11-10 07:51:39.092;--
arrival;10/11/2025, 07:51:42.166;0.00s;167;2025-11-10 07:51:42.166;--
arrival;10/11/2025, 07:51:52.586;0.00s;168;2025-11-10 07:51:52.586;--
arrival;10/11/2025, 07:52:22.105;0.00s;169;2025-11-10 07:52:22.105;--
arrival;10/11/2025, 07:52:22.528;0.00s;170;2025-11-10 07:52:22.528;--
arrival;10/11/2025, 07:53:12.491;0.00s;171;2025-11-10 07:53:12.491;--
arrival;10/11/2025, 07:53:18.562;0.00s;172;2025-11-10 07:53:18.562;--
arrival;10/11/2025, 07:53:23.963;0.00s;173;2025-11-10 07:53:23.963;--
arrival;10/11/2025, 07:53:24.852;0.00s;174;2025-11-10 07:53:24.852;--
arrival;10/11/2025, 07:53:25.551;0.00s;175;2025-11-10 07:53:25.551;--
arrival;10/11/2025, 07:53:26.222;0.00s;176;2025-11-10 07:53:26.222;--
arrival;10/11/2025, 07:53:32.198;0.00s;177;2025-11-10 07:53:32.198;--
arrival;10/11/2025, 07:53:41.919;0.00s;178;2025-11-10 07:53:41.919;--
arrival;10/11/2025, 07:53:42.248;0.00s;179;2025-11-10 07:53:42.248;--
arrival;10/11/2025, 07:54:05.397;0.00s;180;2025-11-10 07:54:05.397;--
arrival;10/11/2025, 07:54:19.392;0.00s;181;2025-11-10 07:54:19.392;--
arrival;10/11/2025, 07:54:20.104;0.00s;182;2025-11-10 07:54:20.104;--
arrival;10/11/2025, 07:55:05.657;0.00s;183;2025-11-10 07:55:05.657;--
arrival;10/11/2025, 07:55:13.409;0.00s;184;2025-11-10 07:55:13.409;--
arrival;10/11/2025, 07:55:15.143;0.00s;185;2025-11-10 07:55:15.143;--
arrival;10/11/2025, 07:55:29.126;0.00s;186;2025-11-10 07:55:29.126;--
arrival;10/11/2025, 07:55:39.333;0.00s;187;2025-11-10 07:55:39.333;--
arrival;10/11/2025, 07:55:40.504;0.00s;188;2025-11-10 07:55:40.504;--
arrival;10/11/2025, 07:55:47.051;0.00s;189;2025-11-10 07:55:47.051;--
arrival;10/11/2025, 07:55:51.546;0.00s;190;2025-11-10 07:55:51.546;--
arrival;10/11/2025, 07:56:18.948;0.00s;191;2025-11-10 07:56:18.948;--
arrival;10/11/2025, 07:57:08.653;0.00s;192;2025-11-10 07:57:08.653;--
arrival;10/11/2025, 07:57:10.576;0.00s;193;2025-11-10 07:57:10.576;--
arrival;10/11/2025, 07:57:12.302;0.00s;194;2025-11-10 07:57:12.302;--
arrival;10/11/2025, 07:57:13.436;0.00s;195;2025-11-10 07:57:13.436;--
arrival;10/11/2025, 07:57:14.336;0.00s;196;2025-11-10 07:57:14.336;--
arrival;10/11/2025, 07:57:15.217;0.00s;197;2025-11-10 07:57:15.217;--
arrival;10/11/2025, 07:57:15.844;0.00s;198;2025-11-10 07:57:15.844;--
arrival;10/11/2025, 07:57:22.773;0.00s;199;2025-11-10 07:57:22.773;--
arrival;10/11/2025, 07:57:37.945;0.00s;200;2025-11-10 07:57:37.945;--
arrival;10/11/2025, 07:57:42.905;0.00s;201;2025-11-10 07:57:42.905;--
arrival;10/11/2025, 07:57:43.964;0.00s;202;2025-11-10 07:57:43.964;--
arrival;10/11/2025, 07:57:44.580;0.00s;203;2025-11-10 07:57:44.580;--
arrival;10/11/2025, 07:57:45.533;0.00s;204;2025-11-10 07:57:45.533;--
arrival;10/11/2025, 07:57:58.522;0.00s;205;2025-11-10 07:57:58.522;--
arrival;10/11/2025, 07:58:09.776;0.00s;206;2025-11-10 07:58:09.776;--
arrival;10/11/2025, 07:58:20.857;0.00s;207;2025-11-10 07:58:20.857;--
arrival;10/11/2025, 07:58:34.590;0.00s;208;2025-11-10 07:58:34.590;--
arrival;10/11/2025, 07:59:04.581;0.00s;209;2025-11-10 07:59:04.581;--
arrival;10/11/2025, 07:59:07.772;0.00s;210;2025-11-10 07:59:07.772;--
arrival;10/11/2025, 07:59:08.980;0.00s;211;2025-11-10 07:59:08.980;--
arrival;10/11/2025, 07:59:11.750;0.00s;212;2025-11-10 07:59:11.750;--
arrival;10/11/2025, 07:59:13.055;0.00s;213;2025-11-10 07:59:13.055;--
arrival;10/11/2025, 07:59:14.712;0.00s;214;2025-11-10 07:59:14.712;--
arrival;10/11/2025, 07:59:15.762;0.00s;215;2025-11-10 07:59:15.762;--
arrival;10/11/2025, 07:59:20.578;0.00s;216;2025-11-10 07:59:20.578;--
arrival;10/11/2025, 07:59:21.623;0.00s;217;2025-11-10 07:59:21.623;--
arrival;10/11/2025, 07:59:22.782;0.00s;218;2025-11-10 07:59:22.782;--
arrival;10/11/2025, 07:59:24.424;0.00s;219;2025-11-10 07:59:24.424;--
arrival;10/11/2025, 07:59:26.778;0.00s;220;2025-11-10 07:59:26.778;--
arrival;10/11/2025, 07:59:44.605;0.00s;221;2025-11-10 07:59:44.605;--
arrival;10/11/2025, 07:59:48.451;0.00s;222;2025-11-10 07:59:48.451;--
arrival;10/11/2025, 08:00:05.834;0.00s;223;2025-11-10 08:00:05.834;--
arrival;10/11/2025, 08:00:52.616;0.00s;224;2025-11-10 08:00:52.616;--
arrival;10/11/2025, 08:01:04.323;0.00s;225;2025-11-10 08:01:04.323;--
arrival;10/11/2025, 08:01:06.484;0.00s;226;2025-11-10 08:01:06.484;--
arrival;10/11/2025, 08:01:10.989;0.00s;227;2025-11-10 08:01:10.989;--
arrival;10/11/2025, 08:01:16.070;0.00s;228;2025-11-10 08:01:16.070;--
arrival;10/11/2025, 08:01:19.774;0.00s;229;2025-11-10 08:01:19.774;--
arrival;10/11/2025, 08:01:27.927;0.00s;230;2025-11-10 08:01:27.927;--
arrival;10/11/2025, 08:01:55.793;0.00s;231;2025-11-10 08:01:55.793;--
arrival;10/11/2025, 08:01:58.738;0.00s;232;2025-11-10 08:01:58.738;--
arrival;10/11/2025, 08:01:59.730;0.00s;233;2025-11-10 08:01:59.730;--
arrival;10/11/2025, 08:02:13.797;0.00s;234;2025-11-10 08:02:13.797;--
arrival;10/11/2025, 08:02:26.764;0.00s;235;2025-11-10 08:02:26.764;--
arrival;10/11/2025, 08:02:45.341;0.00s;236;2025-11-10 08:02:45.341;--
arrival;10/11/2025, 08:03:03.816;0.00s;237;2025-11-10 08:03:03.816;--
arrival;10/11/2025, 08:03:06.273;0.00s;238;2025-11-10 08:03:06.273;--
arrival;10/11/2025, 08:03:08.950;0.00s;239;2025-11-10 08:03:08.950;--
arrival;10/11/2025, 08:03:12.147;0.00s;240;2025-11-10 08:03:12.147;--
arrival;10/11/2025, 08:03:15.257;0.00s;241;2025-11-10 08:03:15.257;--
arrival;10/11/2025, 08:03:16.594;0.00s;242;2025-11-10 08:03:16.594;--
arrival;10/11/2025, 08:03:17.636;0.00s;243;2025-11-10 08:03:17.636;--
arrival;10/11/2025, 08:03:23.979;0.00s;244;2025-11-10 08:03:23.979;--
arrival;10/11/2025, 08:03:24.201;0.00s;245;2025-11-10 08:03:24.201;--
arrival;10/11/2025, 08:03:32.502;0.00s;246;2025-11-10 08:03:32.502;--
arrival;10/11/2025, 08:03:34.058;0.00s;247;2025-11-10 08:03:34.058;--
arrival;10/11/2025, 08:03:41.806;0.00s;248;2025-11-10 08:03:41.806;--
arrival;10/11/2025, 08:03:44.164;0.00s;249;2025-11-10 08:03:44.164;--
arrival;10/11/2025, 08:04:08.668;0.00s;250;2025-11-10 08:04:08.668;--
arrival;10/11/2025, 08:04:20.037;0.00s;251;2025-11-10 08:04:20.037;--
arrival;10/11/2025, 08:05:04.027;0.00s;252;2025-11-10 08:05:04.027;--
arrival;10/11/2025, 08:05:05.883;0.00s;253;2025-11-10 08:05:05.883;--
arrival;10/11/2025, 08:05:06.586;0.00s;254;2025-11-10 08:05:06.586;--
arrival;10/11/2025, 08:05:07.185;0.00s;255;2025-11-10 08:05:07.185;--
arrival;10/11/2025, 08:05:16.622;0.00s;256;2025-11-10 08:05:16.622;--
arrival;10/11/2025, 08:05:17.525;0.00s;257;2025-11-10 08:05:17.525;--
arrival;10/11/2025, 08:05:18.589;0.00s;258;2025-11-10 08:05:18.589;--
arrival;10/11/2025, 08:05:20.334;0.00s;259;2025-11-10 08:05:20.334;--
arrival;10/11/2025, 08:05:21.056;0.00s;260;2025-11-10 08:05:21.056;--
arrival;10/11/2025, 08:05:21.736;0.00s;261;2025-11-10 08:05:21.736;--
arrival;10/11/2025, 08:05:22.306;0.00s;262;2025-11-10 08:05:22.306;--
arrival;10/11/2025, 08:05:32.469;0.00s;263;2025-11-10 08:05:32.469;--
arrival;10/11/2025, 08:05:39.732;0.00s;264;2025-11-10 08:05:39.732;--
arrival;10/11/2025, 08:05:41.575;0.00s;265;2025-11-10 08:05:41.575;--
arrival;10/11/2025, 08:05:56.758;0.00s;266;2025-11-10 08:05:56.758;--
arrival;10/11/2025, 08:05:59.987;0.00s;267;2025-11-10 08:05:59.987;--
arrival;10/11/2025, 08:06:20.479;0.00s;268;2025-11-10 08:06:20.479;--
arrival;10/11/2025, 08:06:20.722;0.00s;269;2025-11-10 08:06:20.722;--
arrival;10/11/2025, 08:06:38.939;0.00s;270;2025-11-10 08:06:38.939;--
arrival;10/11/2025, 08:07:07.425;0.00s;271;2025-11-10 08:07:07.425;--
arrival;10/11/2025, 08:07:08.249;0.00s;272;2025-11-10 08:07:08.249;--
arrival;10/11/2025, 08:07:18.886;0.00s;273;2025-11-10 08:07:18.886;--
arrival;10/11/2025, 08:07:24.939;0.00s;274;2025-11-10 08:07:24.939;--
arrival;10/11/2025, 08:07:49.950;0.00s;275;2025-11-10 08:07:49.950;--
arrival;10/11/2025, 08:08:03.789;0.00s;276;2025-11-10 08:08:03.789;--
arrival;10/11/2025, 08:08:14.809;0.00s;277;2025-11-10 08:08:14.809;--
arrival;10/11/2025, 08:08:15.331;0.00s;278;2025-11-10 08:08:15.331;--
arrival;10/11/2025, 08:08:15.825;0.00s;279;2025-11-10 08:08:15.825;--
arrival;10/11/2025, 08:09:05.368;0.00s;280;2025-11-10 08:09:05.368;--
arrival;10/11/2025, 08:09:13.326;0.00s;281;2025-11-10 08:09:13.326;--
arrival;10/11/2025, 08:09:14.101;0.00s;282;2025-11-10 08:09:14.101;--
arrival;10/11/2025, 08:09:15.137;0.00s;283;2025-11-10 08:09:15.137;--
arrival;10/11/2025, 08:09:18.976;0.00s;284;2025-11-10 08:09:18.976;--
arrival;10/11/2025, 08:09:20.358;0.00s;285;2025-11-10 08:09:20.358;--
arrival;10/11/2025, 08:09:21.325;0.00s;286;2025-11-10 08:09:21.325;--
arrival;10/11/2025, 08:09:22.188;0.00s;287;2025-11-10 08:09:22.188;--
arrival;10/11/2025, 08:09:22.983;0.00s;288;2025-11-10 08:09:22.983;--
arrival;10/11/2025, 08:09:37.648;0.00s;289;2025-11-10 08:09:37.648;--
arrival;10/11/2025, 08:09:38.516;0.00s;290;2025-11-10 08:09:38.516;--
arrival;10/11/2025, 08:09:39.611;0.00s;291;2025-11-10 08:09:39.611;--
arrival;10/11/2025, 08:09:40.750;0.00s;292;2025-11-10 08:09:40.750;--
arrival;10/11/2025, 08:09:41.674;0.00s;293;2025-11-10 08:09:41.674;--
arrival;10/11/2025, 08:09:50.732;0.00s;294;2025-11-10 08:09:50.732;--
arrival;10/11/2025, 08:09:54.799;0.00s;295;2025-11-10 08:09:54.799;--
arrival;10/11/2025, 08:09:57.861;0.00s;296;2025-11-10 08:09:57.861;--
arrival;10/11/2025, 08:10:19.511;0.00s;297;2025-11-10 08:10:19.511;--
arrival;10/11/2025, 08:10:19.870;0.00s;298;2025-11-10 08:10:19.870;--
arrival;10/11/2025, 08:10:59.578;0.00s;299;2025-11-10 08:10:59.578;--
arrival;10/11/2025, 08:11:04.103;0.00s;300;2025-11-10 08:11:04.103;--
arrival;10/11/2025, 08:11:05.463;0.00s;301;2025-11-10 08:11:05.463;--
arrival;10/11/2025, 08:11:09.019;0.00s;302;2025-11-10 08:11:09.019;--
arrival;10/11/2025, 08:11:09.909;0.00s;303;2025-11-10 08:11:09.909;--
arrival;10/11/2025, 08:11:10.650;0.00s;304;2025-11-10 08:11:10.650;--
arrival;10/11/2025, 08:11:11.371;0.00s;305;2025-11-10 08:11:11.371;--
arrival;10/11/2025, 08:11:21.293;0.00s;306;2025-11-10 08:11:21.293;--
arrival;10/11/2025, 08:11:22.303;0.00s;307;2025-11-10 08:11:22.303;--
arrival;10/11/2025, 08:11:26.298;0.00s;308;2025-11-10 08:11:26.298;--
arrival;10/11/2025, 08:11:56.292;0.00s;309;2025-11-10 08:11:56.292;--
arrival;10/11/2025, 08:12:13.057;0.00s;310;2025-11-10 08:12:13.057;--
arrival;10/11/2025, 08:13:01.867;0.00s;311;2025-11-10 08:13:01.867;--
arrival;10/11/2025, 08:13:02.959;0.00s;312;2025-11-10 08:13:02.959;--
arrival;10/11/2025, 08:13:04.073;0.00s;313;2025-11-10 08:13:04.073;--
arrival;10/11/2025, 08:13:05.307;0.00s;314;2025-11-10 08:13:05.307;--
arrival;10/11/2025, 08:13:06.262;0.00s;315;2025-11-10 08:13:06.262;--
arrival;10/11/2025, 08:13:12.002;0.00s;316;2025-11-10 08:13:12.002;--
arrival;10/11/2025, 08:13:20.707;0.00s;317;2025-11-10 08:13:20.707;--
arrival;10/11/2025, 08:13:21.288;0.00s;318;2025-11-10 08:13:21.288;--
arrival;10/11/2025, 08:13:22.315;0.00s;319;2025-11-10 08:13:22.315;--
arrival;10/11/2025, 08:13:23.121;0.00s;320;2025-11-10 08:13:23.121;--
arrival;10/11/2025, 08:13:33.221;0.00s;321;2025-11-10 08:13:33.221;--
arrival;10/11/2025, 08:13:35.279;0.00s;322;2025-11-10 08:13:35.279;--
arrival;10/11/2025, 08:13:43.414;0.00s;323;2025-11-10 08:13:43.414;--
arrival;10/11/2025, 08:14:02.269;0.00s;324;2025-11-10 08:14:02.269;--
arrival;10/11/2025, 08:14:12.906;0.00s;325;2025-11-10 08:14:12.906;--
arrival;10/11/2025, 08:14:13.141;0.00s;326;2025-11-10 08:14:13.141;--
arrival;10/11/2025, 08:14:44.300;0.00s;327;2025-11-10 08:14:44.300;--
arrival;10/11/2025, 08:14:59.726;0.00s;328;2025-11-10 08:14:59.726;--
arrival;10/11/2025, 08:15:00.272;0.00s;329;2025-11-10 08:15:00.272;--
arrival;10/11/2025, 08:15:38.375;0.00s;330;2025-11-10 08:15:38.375;--
arrival;10/11/2025, 08:15:40.137;0.00s;331;2025-11-10 08:15:40.137;--
arrival;10/11/2025, 08:15:45.600;0.00s;332;2025-11-10 08:15:45.600;--
arrival;10/11/2025, 08:16:15.717;0.00s;333;2025-11-10 08:16:15.717;--
arrival;10/11/2025, 08:16:32.264;0.00s;334;2025-11-10 08:16:32.264;--
arrival;10/11/2025, 08:16:34.396;0.00s;335;2025-11-10 08:16:34.396;--
arrival;10/11/2025, 08:16:40.543;0.00s;336;2025-11-10 08:16:40.543;--
arrival;10/11/2025, 08:17:01.223;0.00s;337;2025-11-10 08:17:01.223;--
arrival;10/11/2025, 08:17:03.542;0.00s;338;2025-11-10 08:17:03.542;--
arrival;10/11/2025, 08:17:04.290;0.00s;339;2025-11-10 08:17:04.290;--
arrival;10/11/2025, 08:17:05.441;0.00s;340;2025-11-10 08:17:05.441;--
arrival;10/11/2025, 08:17:09.931;0.00s;341;2025-11-10 08:17:09.931;--
arrival;10/11/2025, 08:17:10.903;0.00s;342;2025-11-10 08:17:10.903;--
arrival;10/11/2025, 08:17:15.533;0.00s;343;2025-11-10 08:17:15.533;--
arrival;10/11/2025, 08:17:16.606;0.00s;344;2025-11-10 08:17:16.606;--
arrival;10/11/2025, 08:17:17.741;0.00s;345;2025-11-10 08:17:17.741;--
arrival;10/11/2025, 08:17:30.342;0.00s;346;2025-11-10 08:17:30.342;--
arrival;10/11/2025, 08:17:33.954;0.00s;347;2025-11-10 08:17:33.954;--
arrival;10/11/2025, 08:17:52.946;0.00s;348;2025-11-10 08:17:52.946;--
arrival;10/11/2025, 08:17:59.264;0.00s;349;2025-11-10 08:17:59.264;--
arrival;10/11/2025, 08:18:16.148;0.00s;350;2025-11-10 08:18:16.148;--
arrival;10/11/2025, 08:18:20.706;0.00s;351;2025-11-10 08:18:20.706;--
arrival;10/11/2025, 08:19:01.947;0.00s;352;2025-11-10 08:19:01.947;--
arrival;10/11/2025, 08:19:02.487;0.00s;353;2025-11-10 08:19:02.487;--
arrival;10/11/2025, 08:19:04.248;0.00s;354;2025-11-10 08:19:04.248;--
arrival;10/11/2025, 08:19:04.884;0.00s;355;2025-11-10 08:19:04.884;--
arrival;10/11/2025, 08:19:06.665;0.00s;356;2025-11-10 08:19:06.665;--
arrival;10/11/2025, 08:19:07.892;0.00s;357;2025-11-10 08:19:07.892;--
arrival;10/11/2025, 08:19:09.862;0.00s;358;2025-11-10 08:19:09.862;--
arrival;10/11/2025, 08:19:11.210;0.00s;359;2025-11-10 08:19:11.210;--
arrival;10/11/2025, 08:19:11.957;0.00s;360;2025-11-10 08:19:11.957;--
arrival;10/11/2025, 08:19:12.566;0.00s;361;2025-11-10 08:19:12.566;--
arrival;10/11/2025, 08:19:13.817;0.00s;362;2025-11-10 08:19:13.817;--
arrival;10/11/2025, 08:19:35.111;0.00s;363;2025-11-10 08:19:35.111;--
arrival;10/11/2025, 08:19:42.133;0.00s;364;2025-11-10 08:19:42.133;--
arrival;10/11/2025, 08:20:04.174;0.00s;365;2025-11-10 08:20:04.174;--
arrival;10/11/2025, 08:20:10.277;0.00s;366;2025-11-10 08:20:10.277;--
arrival;10/11/2025, 08:20:10.934;0.00s;367;2025-11-10 08:20:10.934;--
arrival;10/11/2025, 08:20:14.826;0.00s;368;2025-11-10 08:20:14.826;--
arrival;10/11/2025, 08:20:56.294;0.00s;369;2025-11-10 08:20:56.294;--
arrival;10/11/2025, 08:20:59.747;0.00s;370;2025-11-10 08:20:59.747;--
arrival;10/11/2025, 08:21:00.341;0.00s;371;2025-11-10 08:21:00.341;--
arrival;10/11/2025, 08:21:02.816;0.00s;372;2025-11-10 08:21:02.816;--
arrival;10/11/2025, 08:21:04.478;0.00s;373;2025-11-10 08:21:04.478;--
arrival;10/11/2025, 08:21:07.548;0.00s;374;2025-11-10 08:21:07.548;--
arrival;10/11/2025, 08:21:12.703;0.00s;375;2025-11-10 08:21:12.703;--
arrival;10/11/2025, 08:21:15.371;0.00s;376;2025-11-10 08:21:15.371;--
arrival;10/11/2025, 08:21:15.959;0.00s;377;2025-11-10 08:21:15.959;--
arrival;10/11/2025, 08:21:19.443;0.00s;378;2025-11-10 08:21:19.443;--
arrival;10/11/2025, 08:21:23.346;0.00s;379;2025-11-10 08:21:23.346;--
arrival;10/11/2025, 08:21:33.994;0.00s;380;2025-11-10 08:21:33.994;--
arrival;10/11/2025, 08:21:35.742;0.00s;381;2025-11-10 08:21:35.742;--
arrival;10/11/2025, 08:21:57.198;0.00s;382;2025-11-10 08:21:57.198;--
arrival;10/11/2025, 08:21:58.822;0.00s;383;2025-11-10 08:21:58.822;--
arrival;10/11/2025, 08:22:58.365;0.00s;384;2025-11-10 08:22:58.365;--
arrival;10/11/2025, 08:22:58.974;0.00s;385;2025-11-10 08:22:58.974;--
arrival;10/11/2025, 08:23:02.847;0.00s;386;2025-11-10 08:23:02.847;--
arrival;10/11/2025, 08:23:05.394;0.00s;387;2025-11-10 08:23:05.394;--
arrival;10/11/2025, 08:23:06.927;0.00s;388;2025-11-10 08:23:06.927;--
arrival;10/11/2025, 08:23:09.868;0.00s;389;2025-11-10 08:23:09.868;--
arrival;10/11/2025, 08:23:13.461;0.00s;390;2025-11-10 08:23:13.461;--
arrival;10/11/2025, 08:23:15.356;0.00s;391;2025-11-10 08:23:15.356;--
arrival;10/11/2025, 08:23:18.240;0.00s;392;2025-11-10 08:23:18.240;--
arrival;10/11/2025, 08:23:19.793;0.00s;393;2025-11-10 08:23:19.793;--
arrival;10/11/2025, 08:23:20.916;0.00s;394;2025-11-10 08:23:20.916;--
arrival;10/11/2025, 08:23:22.080;0.00s;395;2025-11-10 08:23:22.080;--
arrival;10/11/2025, 08:23:22.472;0.00s;396;2025-11-10 08:23:22.472;--
arrival;10/11/2025, 08:23:39.830;0.00s;397;2025-11-10 08:23:39.830;--
arrival;10/11/2025, 08:23:51.581;0.00s;398;2025-11-10 08:23:51.581;--
arrival;10/11/2025, 08:23:51.933;0.00s;399;2025-11-10 08:23:51.933;--
arrival;10/11/2025, 08:23:52.696;0.00s;400;2025-11-10 08:23:52.696;--
arrival;10/11/2025, 08:23:53.186;0.00s;401;2025-11-10 08:23:53.186;--
arrival;10/11/2025, 08:23:53.653;0.00s;402;2025-11-10 08:23:53.653;--
arrival;10/11/2025, 08:23:54.746;0.00s;403;2025-11-10 08:23:54.746;--
arrival;10/11/2025, 08:23:59.130;0.00s;404;2025-11-10 08:23:59.130;--
arrival;10/11/2025, 08:24:04.169;0.00s;405;2025-11-10 08:24:04.169;--
arrival;10/11/2025, 08:24:56.825;0.00s;406;2025-11-10 08:24:56.825;--
arrival;10/11/2025, 08:24:57.058;0.00s;407;2025-11-10 08:24:57.058;--
arrival;10/11/2025, 08:24:58.560;0.00s;408;2025-11-10 08:24:58.560;--
arrival;10/11/2025, 08:25:00.470;0.00s;409;2025-11-10 08:25:00.470;--
arrival;10/11/2025, 08:25:01.571;0.00s;410;2025-11-10 08:25:01.571;--
arrival;10/11/2025, 08:25:04.772;0.00s;411;2025-11-10 08:25:04.772;--
arrival;10/11/2025, 08:25:05.474;0.00s;412;2025-11-10 08:25:05.474;--
arrival;10/11/2025, 08:25:08.326;0.00s;413;2025-11-10 08:25:08.326;--
arrival;10/11/2025, 08:25:11.053;0.00s;414;2025-11-10 08:25:11.053;--
arrival;10/11/2025, 08:25:13.175;0.00s;415;2025-11-10 08:25:13.175;--
arrival;10/11/2025, 08:25:19.262;0.00s;416;2025-11-10 08:25:19.262;--
arrival;10/11/2025, 08:25:19.861;0.00s;417;2025-11-10 08:25:19.861;--
arrival;10/11/2025, 08:25:31.133;0.00s;418;2025-11-10 08:25:31.133;--
arrival;10/11/2025, 08:26:15.210;0.00s;419;2025-11-10 08:26:15.210;--
arrival;10/11/2025, 08:26:15.508;0.00s;420;2025-11-10 08:26:15.508;--
arrival;10/11/2025, 08:26:31.367;0.00s;421;2025-11-10 08:26:31.367;--
arrival;10/11/2025, 08:26:52.844;0.00s;422;2025-11-10 08:26:52.844;--
arrival;10/11/2025, 08:26:53.796;0.00s;423;2025-11-10 08:26:53.796;--
arrival;10/11/2025, 08:26:54.848;0.00s;424;2025-11-10 08:26:54.848;--
arrival;10/11/2025, 08:26:56.518;0.00s;425;2025-11-10 08:26:56.518;--
arrival;10/11/2025, 08:26:58.103;0.00s;426;2025-11-10 08:26:58.103;--
arrival;10/11/2025, 08:27:00.855;0.00s;427;2025-11-10 08:27:00.855;--
arrival;10/11/2025, 08:27:01.870;0.00s;428;2025-11-10 08:27:01.870;--
arrival;10/11/2025, 08:27:15.296;0.00s;429;2025-11-10 08:27:15.296;--
arrival;10/11/2025, 08:27:23.405;0.00s;430;2025-11-10 08:27:23.405;--
arrival;10/11/2025, 08:27:23.896;0.00s;431;2025-11-10 08:27:23.896;--
arrival;10/11/2025, 08:27:24.434;0.00s;432;2025-11-10 08:27:24.434;--
arrival;10/11/2025, 08:27:28.174;0.00s;433;2025-11-10 08:27:28.174;--
arrival;10/11/2025, 08:27:30.821;0.00s;434;2025-11-10 08:27:30.821;--
arrival;10/11/2025, 08:27:45.565;0.00s;435;2025-11-10 08:27:45.565;--
arrival;10/11/2025, 08:28:04.733;0.00s;436;2025-11-10 08:28:04.733;--
arrival;10/11/2025, 08:28:57.038;0.00s;437;2025-11-10 08:28:57.038;--
arrival;10/11/2025, 08:28:59.162;0.00s;438;2025-11-10 08:28:59.162;--
arrival;10/11/2025, 08:28:59.765;0.00s;439;2025-11-10 08:28:59.765;--
arrival;10/11/2025, 08:29:01.744;0.00s;440;2025-11-10 08:29:01.744;--
arrival;10/11/2025, 08:29:05.754;0.00s;441;2025-11-10 08:29:05.754;--
arrival;10/11/2025, 08:29:06.346;0.00s;442;2025-11-10 08:29:06.346;--
arrival;10/11/2025, 08:29:06.940;0.00s;443;2025-11-10 08:29:06.940;--
arrival;10/11/2025, 08:29:08.829;0.00s;444;2025-11-10 08:29:08.829;--
arrival;10/11/2025, 08:29:16.389;0.00s;445;2025-11-10 08:29:16.389;--
arrival;10/11/2025, 08:29:16.805;0.00s;446;2025-11-10 08:29:16.805;--
arrival;10/11/2025, 08:29:17.315;0.00s;447;2025-11-10 08:29:17.315;--
arrival;10/11/2025, 08:29:18.488;0.00s;448;2025-11-10 08:29:18.488;--
arrival;10/11/2025, 08:29:19.438;0.00s;449;2025-11-10 08:29:19.438;--
arrival;10/11/2025, 08:29:25.103;0.00s;450;2025-11-10 08:29:25.103;--
arrival;10/11/2025, 08:29:26.693;0.00s;451;2025-11-10 08:29:26.693;--
arrival;10/11/2025, 08:29:29.515;0.00s;452;2025-11-10 08:29:29.515;--
arrival;10/11/2025, 08:29:31.390;0.00s;453;2025-11-10 08:29:31.390;--
arrival;10/11/2025, 08:29:34.632;0.00s;454;2025-11-10 08:29:34.632;--
arrival;10/11/2025, 08:29:42.529;0.00s;455;2025-11-10 08:29:42.529;--
arrival;10/11/2025, 08:29:55.624;0.00s;456;2025-11-10 08:29:55.624;--
arrival;10/11/2025, 08:30:07.571;0.00s;457;2025-11-10 08:30:07.571;--
arrival;10/11/2025, 08:30:07.851;0.00s;458;2025-11-10 08:30:07.851;--
arrival;10/11/2025, 08:30:24.651;0.00s;459;2025-11-10 08:30:24.651;--
arrival;10/11/2025, 08:30:51.538;0.00s;460;2025-11-10 08:30:51.538;--
arrival;10/11/2025, 08:30:58.010;0.00s;461;2025-11-10 08:30:58.010;--
arrival;10/11/2025, 08:30:59.905;0.00s;462;2025-11-10 08:30:59.905;--
arrival;10/11/2025, 08:31:02.375;0.00s;463;2025-11-10 08:31:02.375;--
arrival;10/11/2025, 08:31:02.860;0.00s;464;2025-11-10 08:31:02.860;--
arrival;10/11/2025, 08:31:05.357;0.00s;465;2025-11-10 08:31:05.357;--
arrival;10/11/2025, 08:31:08.543;0.00s;466;2025-11-10 08:31:08.543;--
arrival;10/11/2025, 08:31:09.636;0.00s;467;2025-11-10 08:31:09.636;--
arrival;10/11/2025, 08:31:10.814;0.00s;468;2025-11-10 08:31:10.814;--
arrival;10/11/2025, 08:31:11.538;0.00s;469;2025-11-10 08:31:11.538;--
arrival;10/11/2025, 08:31:12.077;0.00s;470;2025-11-10 08:31:12.077;--
arrival;10/11/2025, 08:31:12.508;0.00s;471;2025-11-10 08:31:12.508;--
arrival;10/11/2025, 08:31:21.310;0.00s;472;2025-11-10 08:31:21.310;--
arrival;10/11/2025, 08:31:22.097;0.00s;473;2025-11-10 08:31:22.097;--
arrival;10/11/2025, 08:32:09.468;0.00s;474;2025-11-10 08:32:09.468;--
arrival;10/11/2025, 08:32:52.758;0.00s;475;2025-11-10 08:32:52.758;--
arrival;10/11/2025, 08:32:56.329;0.00s;476;2025-11-10 08:32:56.329;--
arrival;10/11/2025, 08:32:56.852;0.00s;477;2025-11-10 08:32:56.852;--
arrival;10/11/2025, 08:33:00.528;0.00s;478;2025-11-10 08:33:00.528;--
arrival;10/11/2025, 08:33:01.121;0.00s;479;2025-11-10 08:33:01.121;--
arrival;10/11/2025, 08:33:02.866;0.00s;480;2025-11-10 08:33:02.866;--
arrival;10/11/2025, 08:33:08.328;0.00s;481;2025-11-10 08:33:08.328;--
arrival;10/11/2025, 08:33:10.528;0.00s;482;2025-11-10 08:33:10.528;--
arrival;10/11/2025, 08:33:13.641;0.00s;483;2025-11-10 08:33:13.641;--
arrival;10/11/2025, 08:33:15.036;0.00s;484;2025-11-10 08:33:15.036;--
arrival;10/11/2025, 08:33:19.720;0.00s;485;2025-11-10 08:33:19.720;--
arrival;10/11/2025, 08:33:20.748;0.00s;486;2025-11-10 08:33:20.748;--
arrival;10/11/2025, 08:33:26.922;0.00s;487;2025-11-10 08:33:26.922;--
arrival;10/11/2025, 08:33:35.579;0.00s;488;2025-11-10 08:33:35.579;--
arrival;10/11/2025, 08:33:36.418;0.00s;489;2025-11-10 08:33:36.418;--
arrival;10/11/2025, 08:33:52.039;0.00s;490;2025-11-10 08:33:52.039;--
arrival;10/11/2025, 08:34:22.575;0.00s;491;2025-11-10 08:34:22.575;--
arrival;10/11/2025, 08:34:44.482;0.00s;492;2025-11-10 08:34:44.482;--
arrival;10/11/2025, 08:34:49.112;0.00s;493;2025-11-10 08:34:49.112;--
arrival;10/11/2025, 08:34:50.218;0.00s;494;2025-11-10 08:34:50.218;--
arrival;10/11/2025, 08:34:54.206;0.00s;495;2025-11-10 08:34:54.206;--
arrival;10/11/2025, 08:34:54.740;0.00s;496;2025-11-10 08:34:54.740;--
arrival;10/11/2025, 08:34:57.256;0.00s;497;2025-11-10 08:34:57.256;--
arrival;10/11/2025, 08:34:58.471;0.00s;498;2025-11-10 08:34:58.471;--
arrival;10/11/2025, 08:35:01.107;0.00s;499;2025-11-10 08:35:01.107;--
arrival;10/11/2025, 08:35:01.611;0.00s;500;2025-11-10 08:35:01.611;--
arrival;10/11/2025, 08:35:02.121;0.00s;501;2025-11-10 08:35:02.121;--
arrival;10/11/2025, 08:35:02.563;0.00s;502;2025-11-10 08:35:02.563;--
arrival;10/11/2025, 08:35:09.247;0.00s;503;2025-11-10 08:35:09.247;--
arrival;10/11/2025, 08:35:20.695;0.00s;504;2025-11-10 08:35:20.695;--
arrival;10/11/2025, 08:35:21.181;0.00s;505;2025-11-10 08:35:21.181;--
arrival;10/11/2025, 08:35:30.233;0.00s;506;2025-11-10 08:35:30.233;--
arrival;10/11/2025, 08:35:32.325;0.00s;507;2025-11-10 08:35:32.325;--
arrival;10/11/2025, 08:35:37.090;0.00s;508;2025-11-10 08:35:37.090;--
arrival;10/11/2025, 08:35:57.499;0.00s;509;2025-11-10 08:35:57.499;--
arrival;10/11/2025, 08:36:08.391;0.00s;510;2025-11-10 08:36:08.391;--
arrival;10/11/2025, 08:36:16.635;0.00s;511;2025-11-10 08:36:16.635;--
arrival;10/11/2025, 08:36:17.489;0.00s;512;2025-11-10 08:36:17.489;--
arrival;10/11/2025, 08:36:19.002;0.00s;513;2025-11-10 08:36:19.002;--
arrival;10/11/2025, 08:36:26.542;0.00s;514;2025-11-10 08:36:26.542;--
arrival;10/11/2025, 08:36:28.512;0.00s;515;2025-11-10 08:36:28.512;--
arrival;10/11/2025, 08:36:32.267;0.00s;516;2025-11-10 08:36:32.267;--
arrival;10/11/2025, 08:36:37.866;0.00s;517;2025-11-10 08:36:37.866;--
arrival;10/11/2025, 08:36:45.330;0.00s;518;2025-11-10 08:36:45.330;--
arrival;10/11/2025, 08:37:04.288;0.00s;519;2025-11-10 08:37:04.288;--
arrival;10/11/2025, 08:37:12.246;0.00s;520;2025-11-10 08:37:12.246;--
arrival;10/11/2025, 08:37:15.137;0.00s;521;2025-11-10 08:37:15.137;--
arrival;10/11/2025, 08:37:17.598;0.00s;522;2025-11-10 08:37:17.598;--
arrival;10/11/2025, 08:37:18.291;0.00s;523;2025-11-10 08:37:18.291;--
arrival;10/11/2025, 08:37:19.444;0.00s;524;2025-11-10 08:37:19.444;--
arrival;10/11/2025, 08:37:34.712;0.00s;525;2025-11-10 08:37:34.712;--
arrival;10/11/2025, 08:37:35.956;0.00s;526;2025-11-10 08:37:35.956;--
arrival;10/11/2025, 08:37:42.395;0.00s;527;2025-11-10 08:37:42.395;--
arrival;10/11/2025, 08:37:59.452;0.00s;528;2025-11-10 08:37:59.452;--
arrival;10/11/2025, 08:38:47.677;0.00s;529;2025-11-10 08:38:47.677;--
arrival;10/11/2025, 08:38:49.838;0.00s;530;2025-11-10 08:38:49.838;--
arrival;10/11/2025, 08:38:51.561;0.00s;531;2025-11-10 08:38:51.561;--
arrival;10/11/2025, 08:38:52.029;0.00s;532;2025-11-10 08:38:52.029;--
arrival;10/11/2025, 08:38:58.703;0.00s;533;2025-11-10 08:38:58.703;--
arrival;10/11/2025, 08:38:59.457;0.00s;534;2025-11-10 08:38:59.457;--
arrival;10/11/2025, 08:39:00.177;0.00s;535;2025-11-10 08:39:00.177;--
arrival;10/11/2025, 08:39:01.143;0.00s;536;2025-11-10 08:39:01.143;--
arrival;10/11/2025, 08:39:06.967;0.00s;537;2025-11-10 08:39:06.967;--
arrival;10/11/2025, 08:39:07.642;0.00s;538;2025-11-10 08:39:07.642;--
arrival;10/11/2025, 08:39:08.262;0.00s;539;2025-11-10 08:39:08.262;--
arrival;10/11/2025, 08:39:08.711;0.00s;540;2025-11-10 08:39:08.711;--
arrival;10/11/2025, 08:39:58.303;0.00s;541;2025-11-10 08:39:58.303;--
arrival;10/11/2025, 08:40:13.647;0.00s;542;2025-11-10 08:40:13.647;--
arrival;10/11/2025, 08:40:14.092;0.00s;543;2025-11-10 08:40:14.092;--
arrival;10/11/2025, 08:41:11.095;0.00s;544;2025-11-10 08:41:11.095;--
arrival;10/11/2025, 08:41:24.195;0.00s;545;2025-11-10 08:41:24.195;--
arrival;10/11/2025, 08:41:26.534;0.00s;546;2025-11-10 08:41:26.534;--
arrival;10/11/2025, 08:41:44.792;0.00s;547;2025-11-10 08:41:44.792;--
arrival;10/11/2025, 08:41:50.991;0.00s;548;2025-11-10 08:41:50.991;--
arrival;10/11/2025, 08:41:57.613;0.00s;549;2025-11-10 08:41:57.613;--
arrival;10/11/2025, 08:42:03.605;0.00s;550;2025-11-10 08:42:03.605;--
arrival;10/11/2025, 08:42:10.815;0.00s;551;2025-11-10 08:42:10.815;--
arrival;10/11/2025, 08:42:42.720;0.00s;552;2025-11-10 08:42:42.720;--
arrival;10/11/2025, 08:42:47.142;0.00s;553;2025-11-10 08:42:47.142;--
arrival;10/11/2025, 08:42:47.895;0.00s;554;2025-11-10 08:42:47.895;--
arrival;10/11/2025, 08:42:48.945;0.00s;555;2025-11-10 08:42:48.945;--
arrival;10/11/2025, 08:42:50.770;0.00s;556;2025-11-10 08:42:50.770;--
arrival;10/11/2025, 08:42:52.572;0.00s;557;2025-11-10 08:42:52.572;--
arrival;10/11/2025, 08:42:54.609;0.00s;558;2025-11-10 08:42:54.609;--
arrival;10/11/2025, 08:42:55.740;0.00s;559;2025-11-10 08:42:55.740;--
arrival;10/11/2025, 08:42:57.060;0.00s;560;2025-11-10 08:42:57.060;--
arrival;10/11/2025, 08:42:57.684;0.00s;561;2025-11-10 08:42:57.684;--
arrival;10/11/2025, 08:43:04.965;0.00s;562;2025-11-10 08:43:04.965;--
arrival;10/11/2025, 08:43:07.608;0.00s;563;2025-11-10 08:43:07.608;--
arrival;10/11/2025, 08:43:09.988;0.00s;564;2025-11-10 08:43:09.988;--
arrival;10/11/2025, 08:43:12.736;0.00s;565;2025-11-10 08:43:12.736;--
arrival;10/11/2025, 08:43:14.414;0.00s;566;2025-11-10 08:43:14.414;--
arrival;10/11/2025, 08:43:16.981;0.00s;567;2025-11-10 08:43:16.981;--
arrival;10/11/2025, 08:43:28.936;0.00s;568;2025-11-10 08:43:28.936;--
arrival;10/11/2025, 08:43:40.063;0.00s;569;2025-11-10 08:43:40.063;--
arrival;10/11/2025, 08:43:40.758;0.00s;570;2025-11-10 08:43:40.758;--
arrival;10/11/2025, 08:43:41.292;0.00s;571;2025-11-10 08:43:41.292;--
arrival;10/11/2025, 08:43:45.177;0.00s;572;2025-11-10 08:43:45.177;--
arrival;10/11/2025, 08:44:06.999;0.00s;573;2025-11-10 08:44:06.999;--
arrival;10/11/2025, 08:44:47.678;0.00s;574;2025-11-10 08:44:47.678;--
arrival;10/11/2025, 08:44:48.117;0.00s;575;2025-11-10 08:44:48.117;--
arrival;10/11/2025, 08:44:48.843;0.00s;576;2025-11-10 08:44:48.843;--
arrival;10/11/2025, 08:44:51.143;0.00s;577;2025-11-10 08:44:51.143;--
arrival;10/11/2025, 08:44:52.670;0.00s;578;2025-11-10 08:44:52.670;--
arrival;10/11/2025, 08:44:58.674;0.00s;579;2025-11-10 08:44:58.674;--
arrival;10/11/2025, 08:45:01.097;0.00s;580;2025-11-10 08:45:01.097;--
arrival;10/11/2025, 08:45:05.799;0.00s;581;2025-11-10 08:45:05.799;--
arrival;10/11/2025, 08:45:08.121;0.00s;582;2025-11-10 08:45:08.121;--
arrival;10/11/2025, 08:45:14.386;0.00s;583;2025-11-10 08:45:14.386;--
arrival;10/11/2025, 08:45:16.247;0.00s;584;2025-11-10 08:45:16.247;--
arrival;10/11/2025, 08:45:17.778;0.00s;585;2025-11-10 08:45:17.778;--
arrival;10/11/2025, 08:45:18.702;0.00s;586;2025-11-10 08:45:18.702;--
arrival;10/11/2025, 08:45:23.627;0.00s;587;2025-11-10 08:45:23.627;--
arrival;10/11/2025, 08:45:26.453;0.00s;588;2025-11-10 08:45:26.453;--
arrival;10/11/2025, 08:45:28.068;0.00s;589;2025-11-10 08:45:28.068;--
arrival;10/11/2025, 08:45:29.618;0.00s;590;2025-11-10 08:45:29.618;--
arrival;10/11/2025, 08:45:31.615;0.00s;591;2025-11-10 08:45:31.615;--
arrival;10/11/2025, 08:45:33.639;0.00s;592;2025-11-10 08:45:33.639;--
arrival;10/11/2025, 08:45:35.082;0.00s;593;2025-11-10 08:45:35.082;--
arrival;10/11/2025, 08:45:35.927;0.00s;594;2025-11-10 08:45:35.927;--
arrival;10/11/2025, 08:45:36.374;0.00s;595;2025-11-10 08:45:36.374;--
arrival;10/11/2025, 08:46:02.307;0.00s;596;2025-11-10 08:46:02.307;--
arrival;10/11/2025, 08:46:05.350;0.00s;597;2025-11-10 08:46:05.350;--
arrival;10/11/2025, 08:46:10.430;0.00s;598;2025-11-10 08:46:10.430;--
arrival;10/11/2025, 08:46:46.330;0.00s;599;2025-11-10 08:46:46.330;--
arrival;10/11/2025, 08:46:46.974;0.00s;600;2025-11-10 08:46:46.974;--
arrival;10/11/2025, 08:46:49.596;0.00s;601;2025-11-10 08:46:49.596;--
arrival;10/11/2025, 08:46:50.106;0.00s;602;2025-11-10 08:46:50.106;--
arrival;10/11/2025, 08:46:50.847;0.00s;603;2025-11-10 08:46:50.847;--
arrival;10/11/2025, 08:46:52.641;0.00s;604;2025-11-10 08:46:52.641;--
arrival;10/11/2025, 08:46:54.255;0.00s;605;2025-11-10 08:46:54.255;--
arrival;10/11/2025, 08:46:55.825;0.00s;606;2025-11-10 08:46:55.825;--
arrival;10/11/2025, 08:46:58.411;0.00s;607;2025-11-10 08:46:58.411;--
arrival;10/11/2025, 08:47:08.789;0.00s;608;2025-11-10 08:47:08.789;--
arrival;10/11/2025, 08:47:09.794;0.00s;609;2025-11-10 08:47:09.794;--
arrival;10/11/2025, 08:47:15.382;0.00s;610;2025-11-10 08:47:15.382;--
arrival;10/11/2025, 08:47:19.101;0.00s;611;2025-11-10 08:47:19.101;--
arrival;10/11/2025, 08:47:21.266;0.00s;612;2025-11-10 08:47:21.266;--
arrival;10/11/2025, 08:47:22.362;0.00s;613;2025-11-10 08:47:22.362;--
arrival;10/11/2025, 08:47:27.729;0.00s;614;2025-11-10 08:47:27.729;--
arrival;10/11/2025, 08:47:33.067;0.00s;615;2025-11-10 08:47:33.067;--
arrival;10/11/2025, 08:47:55.382;0.00s;616;2025-11-10 08:47:55.382;--
arrival;10/11/2025, 08:48:19.282;0.00s;617;2025-11-10 08:48:19.282;--
arrival;10/11/2025, 08:48:45.269;0.00s;618;2025-11-10 08:48:45.269;--
arrival;10/11/2025, 08:48:48.061;0.00s;619;2025-11-10 08:48:48.061;--
arrival;10/11/2025, 08:48:50.183;0.00s;620;2025-11-10 08:48:50.183;--
arrival;10/11/2025, 08:48:50.924;0.00s;621;2025-11-10 08:48:50.924;--
arrival;10/11/2025, 08:48:53.134;0.00s;622;2025-11-10 08:48:53.134;--
arrival;10/11/2025, 08:48:58.378;0.00s;623;2025-11-10 08:48:58.378;--
arrival;10/11/2025, 08:49:17.122;0.00s;624;2025-11-10 08:49:17.122;--
arrival;10/11/2025, 08:49:20.058;0.00s;625;2025-11-10 08:49:20.058;--
arrival;10/11/2025, 08:49:22.311;0.00s;626;2025-11-10 08:49:22.311;--
arrival;10/11/2025, 08:49:25.388;0.00s;627;2025-11-10 08:49:25.388;--
arrival;10/11/2025, 08:49:32.603;0.00s;628;2025-11-10 08:49:32.603;--
arrival;10/11/2025, 08:49:45.070;0.00s;629;2025-11-10 08:49:45.070;--
arrival;10/11/2025, 08:49:54.006;0.00s;630;2025-11-10 08:49:54.006;--
arrival;10/11/2025, 08:50:09.146;0.00s;631;2025-11-10 08:50:09.146;--
arrival;10/11/2025, 08:50:41.570;0.00s;632;2025-11-10 08:50:41.570;--
arrival;10/11/2025, 08:50:42.537;0.00s;633;2025-11-10 08:50:42.537;--
arrival;10/11/2025, 08:50:43.551;0.00s;634;2025-11-10 08:50:43.551;--
arrival;10/11/2025, 08:50:47.067;0.00s;635;2025-11-10 08:50:47.067;--
arrival;10/11/2025, 08:50:47.416;0.00s;636;2025-11-10 08:50:47.416;--
arrival;10/11/2025, 08:50:53.394;0.00s;637;2025-11-10 08:50:53.394;--
arrival;10/11/2025, 08:50:54.388;0.00s;638;2025-11-10 08:50:54.388;--
arrival;10/11/2025, 08:50:56.051;0.00s;639;2025-11-10 08:50:56.051;--
arrival;10/11/2025, 08:50:59.692;0.00s;640;2025-11-10 08:50:59.692;--
arrival;10/11/2025, 08:51:02.894;0.00s;641;2025-11-10 08:51:02.894;--
arrival;10/11/2025, 08:51:04.880;0.00s;642;2025-11-10 08:51:04.880;--
arrival;10/11/2025, 08:51:07.363;0.00s;643;2025-11-10 08:51:07.363;--
arrival;10/11/2025, 08:51:08.479;0.00s;644;2025-11-10 08:51:08.479;--
arrival;10/11/2025, 08:51:09.652;0.00s;645;2025-11-10 08:51:09.652;--
arrival;10/11/2025, 08:51:18.541;0.00s;646;2025-11-10 08:51:18.541;--
arrival;10/11/2025, 08:51:25.392;0.00s;647;2025-11-10 08:51:25.392;--
arrival;10/11/2025, 08:51:29.672;0.00s;648;2025-11-10 08:51:29.672;--
arrival;10/11/2025, 08:51:32.945;0.00s;649;2025-11-10 08:51:32.945;--
arrival;10/11/2025, 08:51:35.260;0.00s;650;2025-11-10 08:51:35.260;--
arrival;10/11/2025, 08:51:40.161;0.00s;651;2025-11-10 08:51:40.161;--
arrival;10/11/2025, 08:51:45.209;0.00s;652;2025-11-10 08:51:45.209;--
arrival;10/11/2025, 08:51:54.891;0.00s;653;2025-11-10 08:51:54.891;--
arrival;10/11/2025, 08:52:43.202;0.00s;654;2025-11-10 08:52:43.202;--
arrival;10/11/2025, 08:52:43.485;0.00s;655;2025-11-10 08:52:43.485;--
arrival;10/11/2025, 08:52:44.378;0.00s;656;2025-11-10 08:52:44.378;--
arrival;10/11/2025, 08:52:45.365;0.00s;657;2025-11-10 08:52:45.365;--
arrival;10/11/2025, 08:52:46.263;0.00s;658;2025-11-10 08:52:46.263;--
arrival;10/11/2025, 08:52:51.756;0.00s;659;2025-11-10 08:52:51.756;--
arrival;10/11/2025, 08:52:53.035;0.00s;660;2025-11-10 08:52:53.035;--
arrival;10/11/2025, 08:52:53.886;0.00s;661;2025-11-10 08:52:53.886;--
arrival;10/11/2025, 08:52:54.195;0.00s;662;2025-11-10 08:52:54.195;--
arrival;10/11/2025, 08:53:05.570;0.00s;663;2025-11-10 08:53:05.570;--
arrival;10/11/2025, 08:53:06.091;0.00s;664;2025-11-10 08:53:06.091;--
arrival;10/11/2025, 08:53:06.800;0.00s;665;2025-11-10 08:53:06.800;--
arrival;10/11/2025, 08:53:14.584;0.00s;666;2025-11-10 08:53:14.584;--
arrival;10/11/2025, 08:53:14.953;0.00s;667;2025-11-10 08:53:14.953;--
arrival;10/11/2025, 08:53:15.375;0.00s;668;2025-11-10 08:53:15.375;--
arrival;10/11/2025, 08:53:37.534;0.00s;669;2025-11-10 08:53:37.534;--
arrival;10/11/2025, 08:53:40.216;0.00s;670;2025-11-10 08:53:40.216;--
arrival;10/11/2025, 08:53:53.492;0.00s;671;2025-11-10 08:53:53.492;--
arrival;10/11/2025, 08:53:53.658;0.00s;672;2025-11-10 08:53:53.658;--
arrival;10/11/2025, 08:53:54.003;0.00s;673;2025-11-10 08:53:54.003;--
arrival;10/11/2025, 08:53:57.549;0.00s;674;2025-11-10 08:53:57.549;--
arrival;10/11/2025, 08:54:41.726;0.00s;675;2025-11-10 08:54:41.726;--
arrival;10/11/2025, 08:54:42.308;0.00s;676;2025-11-10 08:54:42.308;--
arrival;10/11/2025, 08:54:44.721;0.00s;677;2025-11-10 08:54:44.721;--
arrival;10/11/2025, 08:54:47.140;0.00s;678;2025-11-10 08:54:47.140;--
arrival;10/11/2025, 08:54:48.937;0.00s;679;2025-11-10 08:54:48.937;--
arrival;10/11/2025, 08:54:51.775;0.00s;680;2025-11-10 08:54:51.775;--
arrival;10/11/2025, 08:54:56.055;0.00s;681;2025-11-10 08:54:56.055;--
arrival;10/11/2025, 08:55:05.844;0.00s;682;2025-11-10 08:55:05.844;--
arrival;10/11/2025, 08:55:14.237;0.00s;683;2025-11-10 08:55:14.237;--
arrival;10/11/2025, 08:55:15.636;0.00s;684;2025-11-10 08:55:15.636;--
arrival;10/11/2025, 08:55:18.175;0.00s;685;2025-11-10 08:55:18.175;--
arrival;10/11/2025, 08:55:19.054;0.00s;686;2025-11-10 08:55:19.054;--
arrival;10/11/2025, 08:55:28.648;0.00s;687;2025-11-10 08:55:28.648;--
arrival;10/11/2025, 08:55:30.549;0.00s;688;2025-11-10 08:55:30.549;--
arrival;10/11/2025, 08:55:31.749;0.00s;689;2025-11-10 08:55:31.749;--
arrival;10/11/2025, 08:55:34.960;0.00s;690;2025-11-10 08:55:34.960;--
arrival;10/11/2025, 08:55:36.802;0.00s;691;2025-11-10 08:55:36.802;--
arrival;10/11/2025, 08:55:51.277;0.00s;692;2025-11-10 08:55:51.277;--
arrival;10/11/2025, 08:56:43.243;0.00s;693;2025-11-10 08:56:43.243;--
arrival;10/11/2025, 08:56:43.835;0.00s;694;2025-11-10 08:56:43.835;--
arrival;10/11/2025, 08:56:45.794;0.00s;695;2025-11-10 08:56:45.794;--
arrival;10/11/2025, 08:56:47.297;0.00s;696;2025-11-10 08:56:47.297;--
arrival;10/11/2025, 08:56:48.456;0.00s;697;2025-11-10 08:56:48.456;--
arrival;10/11/2025, 08:56:49.223;0.00s;698;2025-11-10 08:56:49.223;--
arrival;10/11/2025, 08:56:50.146;0.00s;699;2025-11-10 08:56:50.146;--
arrival;10/11/2025, 08:56:52.110;0.00s;700;2025-11-10 08:56:52.110;--
arrival;10/11/2025, 08:56:54.060;0.00s;701;2025-11-10 08:56:54.060;--
arrival;10/11/2025, 08:57:09.344;0.00s;702;2025-11-10 08:57:09.344;--
arrival;10/11/2025, 08:57:25.188;0.00s;703;2025-11-10 08:57:25.188;--
arrival;10/11/2025, 08:57:29.790;0.00s;704;2025-11-10 08:57:29.790;--
arrival;10/11/2025, 08:57:32.715;0.00s;705;2025-11-10 08:57:32.715;--
arrival;10/11/2025, 08:57:33.199;0.00s;706;2025-11-10 08:57:33.199;--
arrival;10/11/2025, 08:57:33.614;0.00s;707;2025-11-10 08:57:33.614;--
arrival;10/11/2025, 08:57:35.244;0.00s;708;2025-11-10 08:57:35.244;--
arrival;10/11/2025, 08:57:38.323;0.00s;709;2025-11-10 08:57:38.323;--
arrival;10/11/2025, 08:57:41.701;0.00s;710;2025-11-10 08:57:41.701;--
arrival;10/11/2025, 08:57:42.809;0.00s;711;2025-11-10 08:57:42.809;--
arrival;10/11/2025, 08:57:56.750;0.00s;712;2025-11-10 08:57:56.750;--
arrival;10/11/2025, 08:57:56.922;0.00s;713;2025-11-10 08:57:56.922;--
arrival;10/11/2025, 08:57:57.131;0.00s;714;2025-11-10 08:57:57.131;--
arrival;10/11/2025, 08:57:58.343;0.00s;715;2025-11-10 08:57:58.343;--
