Tipo,Carimbo de Data/Hora,Tempo Total,Elemento,Chegando,Saindo
service,2025-07-11 07:23:29.922,19.40s,1,2025-07-11 07:23:30.975000,2025-07-11 07:23:49.325
service,2025-07-11 07:23:50.173,7.43s,2,2025-07-11 07:23:50.173,2025-07-11 07:23:57.605
service,2025-07-11 07:23:58.709,5.50s,3,2025-07-11 07:23:58.709,2025-07-11 07:24:04.206
service,2025-07-11 07:24:05.906,7.43s,4,2025-07-11 07:24:05.906,2025-07-11 07:24:13.334
service,2025-07-11 07:24:20.799,1.33s,5,2025-07-11 07:24:20.799,2025-07-11 07:24:22.129
service,2025-07-11 07:24:25.967,7.18s,6,2025-07-11 07:24:25.967,2025-07-11 07:24:33.145
service,2025-07-11 07:24:35.550,8.68s,7,2025-07-11 07:24:35.550,2025-07-11 07:24:44.231
service,2025-07-11 07:24:44.939,14.87s,8,2025-07-11 07:24:44.939,2025-07-11 07:24:59.804
service,2025-07-11 07:25:00.451,8.31s,9,2025-07-11 07:25:00.451,2025-07-11 07:25:08.760
service,2025-07-11 07:25:09.986,30.92s,10,2025-07-11 07:25:09.986,2025-07-11 07:25:40.902
service,2025-07-11 07:25:41.612,15.47s,11,2025-07-11 07:25:41.612,2025-07-11 07:25:57.078
service,2025-07-11 07:25:58.438,19.67s,12,2025-07-11 07:25:58.438,2025-07-11 07:26:18.107
service,2025-07-11 07:26:19.159,10.61s,13,2025-07-11 07:26:19.159,2025-07-11 07:26:29.766
service,2025-07-11 07:26:30.732,11.48s,14,2025-07-11 07:26:30.732,2025-07-11 07:26:42.209
service,2025-07-11 07:26:43.251,6.08s,15,2025-07-11 07:26:43.251,2025-07-11 07:26:49.328
service,2025-07-11 07:26:52.079,24.82s,16,2025-07-11 07:26:52.079,2025-07-11 07:27:16.896
service,2025-07-11 07:27:17.665,8.63s,17,2025-07-11 07:27:17.665,2025-07-11 07:27:26.292
service,2025-07-11 07:27:27.478,25.56s,18,2025-07-11 07:27:27.478,2025-07-11 07:27:53.035
service,2025-07-11 07:27:53.976,14.05s,19,2025-07-11 07:27:53.976,2025-07-11 07:28:08.030
service,2025-07-11 07:28:09.190,17.55s,20,2025-07-11 07:28:09.190,2025-07-11 07:28:26.737
service,2025-07-11 07:28:28.014,7.54s,21,2025-07-11 07:28:28.014,2025-07-11 07:28:35.551
service,2025-07-11 07:28:36.872,10.86s,22,2025-07-11 07:28:36.872,2025-07-11 07:28:47.727
service,2025-07-11 07:28:49.015,8.05s,23,2025-07-11 07:28:49.015,2025-07-11 07:28:57.066
service,2025-07-11 07:28:59.816,12.76s,24,2025-07-11 07:28:59.816,2025-07-11 07:29:12.580
service,2025-07-11 07:29:13.754,11.59s,25,2025-07-11 07:29:13.754,2025-07-11 07:29:25.341
service,2025-07-11 07:29:26.211,6.56s,26,2025-07-11 07:29:26.211,2025-07-11 07:29:32.769
service,2025-07-11 07:29:34.198,4.40s,27,2025-07-11 07:29:34.198,2025-07-11 07:29:38.594
service,2025-07-11 07:29:40.574,7.89s,28,2025-07-11 07:29:40.574,2025-07-11 07:29:48.462
service,2025-07-11 07:29:50.665,31.94s,29,2025-07-11 07:29:50.665,2025-07-11 07:30:22.601
service,2025-07-11 07:30:23.222,4.58s,30,2025-07-11 07:30:23.222,2025-07-11 07:30:27.806
service,2025-07-11 07:30:28.637,4.73s,31,2025-07-11 07:30:28.637,2025-07-11 07:30:33.370
service,2025-07-11 07:30:35.298,11.05s,32,2025-07-11 07:30:35.298,2025-07-11 07:30:46.344
service,2025-07-11 07:30:47.601,5.67s,33,2025-07-11 07:30:47.601,2025-07-11 07:30:53.268
service,2025-07-11 07:30:54.079,11.27s,34,2025-07-11 07:30:54.079,2025-07-11 07:31:05.347
service,2025-07-11 07:31:06.651,11.72s,35,2025-07-11 07:31:06.651,2025-07-11 07:31:18.372
service,2025-07-11 07:31:19.636,16.14s,36,2025-07-11 07:31:19.636,2025-07-11 07:31:35.778
service,2025-07-11 07:31:37.714,7.50s,37,2025-07-11 07:31:37.714,2025-07-11 07:31:45.217
service,2025-07-11 07:31:46.847,9.40s,38,2025-07-11 07:31:46.847,2025-07-11 07:31:56.244
service,2025-07-11 07:31:57.766,5.58s,39,2025-07-11 07:31:57.766,2025-07-11 07:32:03.346
service,2025-07-11 07:32:04.283,13.20s,40,2025-07-11 07:32:04.283,2025-07-11 07:32:17.486
service,2025-07-11 07:32:19.408,7.38s,41,2025-07-11 07:32:19.408,2025-07-11 07:32:26.783
service,2025-07-11 07:32:29.194,7.03s,42,2025-07-11 07:32:29.194,2025-07-11 07:32:36.228
service,2025-07-11 07:32:42.427,20.54s,43,2025-07-11 07:32:42.427,2025-07-11 07:33:02.965
service,2025-07-11 07:33:05.317,16.94s,44,2025-07-11 07:33:05.317,2025-07-11 07:33:22.254
service,2025-07-11 07:33:24.486,9.61s,45,2025-07-11 07:33:24.486,2025-07-11 07:33:34.096
service,2025-07-11 07:33:35.102,3.61s,46,2025-07-11 07:33:35.102,2025-07-11 07:33:38.715
service,2025-07-11 07:33:41.765,6.56s,47,2025-07-11 07:33:41.765,2025-07-11 07:33:48.327
service,2025-07-11 07:33:49.986,11.01s,48,2025-07-11 07:33:49.986,2025-07-11 07:34:00.994
service,2025-07-11 07:34:02.216,7.73s,49,2025-07-11 07:34:02.216,2025-07-11 07:34:09.943
service,2025-07-11 07:34:11.050,8.54s,50,2025-07-11 07:34:11.050,2025-07-11 07:34:19.589
service,2025-07-11 07:34:21.980,6.01s,51,2025-07-11 07:34:21.980,2025-07-11 07:34:27.988
service,2025-07-11 07:34:29.229,1.35s,52,2025-07-11 07:34:29.229,2025-07-11 07:34:30.576
service,2025-07-11 07:34:31.006,10.46s,53,2025-07-11 07:34:31.006,2025-07-11 07:34:41.467
service,2025-07-11 07:34:42.924,6.78s,54,2025-07-11 07:34:42.924,2025-07-11 07:34:49.705
service,2025-07-11 07:34:51.117,11.31s,55,2025-07-11 07:34:51.117,2025-07-11 07:35:02.426
service,2025-07-11 07:35:03.949,12.65s,56,2025-07-11 07:35:03.949,2025-07-11 07:35:16.595
service,2025-07-11 07:35:18.041,25.07s,57,2025-07-11 07:35:18.041,2025-07-11 07:35:43.114
service,2025-07-11 07:35:44.759,2.70s,58,2025-07-11 07:35:44.759,2025-07-11 07:35:47.460
service,2025-07-11 07:35:49.203,8.99s,59,2025-07-11 07:35:49.203,2025-07-11 07:35:58.193
service,2025-07-11 07:35:59.534,8.17s,60,2025-07-11 07:35:59.534,2025-07-11 07:36:07.706
service,2025-07-11 07:36:08.802,17.98s,61,2025-07-11 07:36:08.802,2025-07-11 07:36:26.785
service,2025-07-11 07:36:27.805,5.20s,62,2025-07-11 07:36:27.805,2025-07-11 07:36:33.004
service,2025-07-11 07:36:34.024,6.24s,63,2025-07-11 07:36:34.024,2025-07-11 07:36:40.266
service,2025-07-11 07:36:43.544,6.84s,64,2025-07-11 07:36:43.544,2025-07-11 07:36:50.381
service,2025-07-11 07:36:52.323,9.80s,65,2025-07-11 07:36:52.323,2025-07-11 07:37:02.128
service,2025-07-11 07:37:02.948,5.67s,66,2025-07-11 07:37:02.948,2025-07-11 07:37:08.615
service,2025-07-11 07:37:10.077,22.12s,67,2025-07-11 07:37:10.077,2025-07-11 07:37:32.195
service,2025-07-11 07:37:33.179,10.96s,68,2025-07-11 07:37:33.179,2025-07-11 07:37:44.144
service,2025-07-11 07:37:45.679,10.63s,69,2025-07-11 07:37:45.679,2025-07-11 07:37:56.313
service,2025-07-11 07:37:57.583,7.72s,70,2025-07-11 07:37:57.583,2025-07-11 07:38:05.308
service,2025-07-11 07:38:06.373,5.03s,71,2025-07-11 07:38:06.373,2025-07-11 07:38:11.401
service,2025-07-11 07:38:12.573,5.75s,72,2025-07-11 07:38:12.573,2025-07-11 07:38:18.322
service,2025-07-11 07:38:19.554,6.83s,73,2025-07-11 07:38:19.554,2025-07-11 07:38:26.381
service,2025-07-11 07:38:27.803,7.24s,74,2025-07-11 07:38:27.803,2025-07-11 07:38:35.046
service,2025-07-11 07:38:35.986,5.33s,75,2025-07-11 07:38:35.986,2025-07-11 07:38:41.321
service,2025-07-11 07:38:43.546,4.74s,76,2025-07-11 07:38:43.546,2025-07-11 07:38:48.285
service,2025-07-11 07:38:50.055,14.51s,77,2025-07-11 07:38:50.055,2025-07-11 07:39:04.564
service,2025-07-11 07:39:06.135,4.98s,78,2025-07-11 07:39:06.135,2025-07-11 07:39:11.114
service,2025-07-11 07:39:11.797,6.49s,79,2025-07-11 07:39:11.797,2025-07-11 07:39:18.285
service,2025-07-11 07:39:18.912,6.83s,80,2025-07-11 07:39:18.912,2025-07-11 07:39:25.747
service,2025-07-11 07:39:26.604,6.09s,81,2025-07-11 07:39:26.604,2025-07-11 07:39:32.697
service,2025-07-11 07:39:34.269,20.22s,82,2025-07-11 07:39:34.269,2025-07-11 07:39:54.489
service,2025-07-11 07:39:57.563,8.94s,83,2025-07-11 07:39:57.563,2025-07-11 07:40:06.502
service,2025-07-11 07:40:07.539,5.20s,84,2025-07-11 07:40:07.539,2025-07-11 07:40:12.743
service,2025-07-11 07:40:13.512,9.87s,85,2025-07-11 07:40:13.512,2025-07-11 07:40:23.384
service,2025-07-11 07:40:24.810,10.05s,86,2025-07-11 07:40:24.810,2025-07-11 07:40:34.863
service,2025-07-11 07:40:37.495,14.21s,87,2025-07-11 07:40:37.495,2025-07-11 07:40:51.706
service,2025-07-11 07:40:53.047,5.57s,88,2025-07-11 07:40:53.047,2025-07-11 07:40:58.612
service,2025-07-11 07:40:59.831,8.32s,89,2025-07-11 07:40:59.831,2025-07-11 07:41:08.153
service,2025-07-11 07:41:09.479,21.31s,90,2025-07-11 07:41:09.479,2025-07-11 07:41:30.791
service,2025-07-11 07:41:31.804,7.64s,91,2025-07-11 07:41:31.804,2025-07-11 07:41:39.444
service,2025-07-11 07:41:40.587,5.53s,92,2025-07-11 07:41:40.587,2025-07-11 07:41:46.115
service,2025-07-11 07:41:47.694,9.56s,93,2025-07-11 07:41:47.694,2025-07-11 07:41:57.250
service,2025-07-11 07:41:59.432,11.52s,94,2025-07-11 07:41:59.432,2025-07-11 07:42:10.954
service,2025-07-11 07:42:11.916,6.84s,95,2025-07-11 07:42:11.916,2025-07-11 07:42:18.756
service,2025-07-11 07:42:20.976,7.26s,96,2025-07-11 07:42:20.976,2025-07-11 07:42:28.238
service,2025-07-11 07:42:31.180,10.67s,97,2025-07-11 07:42:31.180,2025-07-11 07:42:41.848
service,2025-07-11 07:42:42.763,41.38s,98,2025-07-11 07:42:42.763,2025-07-11 07:43:24.144
service,2025-07-11 07:43:25.076,24.61s,99,2025-07-11 07:43:25.076,2025-07-11 07:43:49.689
service,2025-07-11 07:43:50.572,11.51s,100,2025-07-11 07:43:50.572,2025-07-11 07:44:02.082
service,2025-07-11 07:44:02.747,18.36s,101,2025-07-11 07:44:02.747,2025-07-11 07:44:21.103
service,2025-07-11 07:44:23.028,14.80s,102,2025-07-11 07:44:23.028,2025-07-11 07:44:37.830
service,2025-07-11 07:44:38.371,21.66s,103,2025-07-11 07:44:38.371,2025-07-11 07:45:00.026
service,2025-07-11 07:45:00.795,6.70s,104,2025-07-11 07:45:00.795,2025-07-11 07:45:07.496
service,2025-07-11 07:45:09.350,5.38s,105,2025-07-11 07:45:09.350,2025-07-11 07:45:14.725
service,2025-07-11 07:45:15.916,12.23s,106,2025-07-11 07:45:15.916,2025-07-11 07:45:28.146
service,2025-07-11 07:45:28.839,7.46s,107,2025-07-11 07:45:28.839,2025-07-11 07:45:36.294
service,2025-07-11 07:45:37.042,6.57s,108,2025-07-11 07:45:37.042,2025-07-11 07:45:43.611
service,2025-07-11 07:45:44.442,3.26s,109,2025-07-11 07:45:44.442,2025-07-11 07:45:47.699
service,2025-07-11 07:45:48.662,0.89s,110,2025-07-11 07:45:48.662,2025-07-11 07:45:49.552
service,2025-07-11 07:45:52.255,7.52s,111,2025-07-11 07:45:52.255,2025-07-11 07:45:59.777
service,2025-07-11 07:46:02.801,10.21s,112,2025-07-11 07:46:02.801,2025-07-11 07:46:13.009
service,2025-07-11 07:46:14.285,15.87s,113,2025-07-11 07:46:14.285,2025-07-11 07:46:30.156
service,2025-07-11 07:46:31.739,7.76s,114,2025-07-11 07:46:31.739,2025-07-11 07:46:39.503
service,2025-07-11 07:46:49.690,12.43s,115,2025-07-11 07:46:49.690,2025-07-11 07:47:02.123
service,2025-07-11 07:47:02.933,3.67s,116,2025-07-11 07:47:02.933,2025-07-11 07:47:06.603
service,2025-07-11 07:47:07.470,3.12s,117,2025-07-11 07:47:07.470,2025-07-11 07:47:10.588
service,2025-07-11 07:47:11.519,2.63s,118,2025-07-11 07:47:11.519,2025-07-11 07:47:14.150
service,2025-07-11 07:47:17.548,4.33s,119,2025-07-11 07:47:17.548,2025-07-11 07:47:21.874
service,2025-07-11 07:47:23.859,5.57s,120,2025-07-11 07:47:23.859,2025-07-11 07:47:29.429
service,2025-07-11 07:47:31.525,8.23s,121,2025-07-11 07:47:31.525,2025-07-11 07:47:39.759
service,2025-07-11 07:47:42.411,14.84s,122,2025-07-11 07:47:42.411,2025-07-11 07:47:57.248
service,2025-07-11 07:48:00.020,21.18s,123,2025-07-11 07:48:00.020,2025-07-11 07:48:21.203
service,2025-07-11 07:48:21.790,27.85s,124,2025-07-11 07:48:21.790,2025-07-11 07:48:49.643
service,2025-07-11 07:48:50.789,8.27s,125,2025-07-11 07:48:50.789,2025-07-11 07:48:59.059
service,2025-07-11 07:49:00.407,5.63s,126,2025-07-11 07:49:00.407,2025-07-11 07:49:06.039
service,2025-07-11 07:49:07.105,4.00s,127,2025-07-11 07:49:07.105,2025-07-11 07:49:11.103
service,2025-07-11 07:49:12.367,6.60s,128,2025-07-11 07:49:12.367,2025-07-11 07:49:18.963
service,2025-07-11 07:49:20.466,5.08s,129,2025-07-11 07:49:20.466,2025-07-11 07:49:25.546
service,2025-07-11 07:49:27.014,10.12s,130,2025-07-11 07:49:27.014,2025-07-11 07:49:37.134
service,2025-07-11 07:49:47.217,4.13s,131,2025-07-11 07:49:47.217,2025-07-11 07:49:51.342
service,2025-07-11 07:49:51.938,7.41s,132,2025-07-11 07:49:51.938,2025-07-11 07:49:59.349
service,2025-07-11 07:49:59.851,8.51s,133,2025-07-11 07:49:59.851,2025-07-11 07:50:08.362
service,2025-07-11 07:50:09.672,8.75s,134,2025-07-11 07:50:09.672,2025-07-11 07:50:18.420
service,2025-07-11 07:50:19.415,18.14s,135,2025-07-11 07:50:19.415,2025-07-11 07:50:37.556
service,2025-07-11 07:50:38.956,12.01s,136,2025-07-11 07:50:38.956,2025-07-11 07:50:50.962
service,2025-07-11 07:50:53.281,11.12s,137,2025-07-11 07:50:53.281,2025-07-11 07:51:04.400
service,2025-07-11 07:51:05.010,8.16s,138,2025-07-11 07:51:05.010,2025-07-11 07:51:13.169
service,2025-07-11 07:51:15.042,13.95s,139,2025-07-11 07:51:15.042,2025-07-11 07:51:28.988
service,2025-07-11 07:51:30.412,5.37s,140,2025-07-11 07:51:30.412,2025-07-11 07:51:35.786
service,2025-07-11 07:51:37.703,5.36s,141,2025-07-11 07:51:37.703,2025-07-11 07:51:43.062
service,2025-07-11 07:51:43.852,10.04s,142,2025-07-11 07:51:43.852,2025-07-11 07:51:53.895
service,2025-07-11 07:51:59.247,2.90s,143,2025-07-11 07:51:59.247,2025-07-11 07:52:02.148
service,2025-07-11 07:52:03.177,9.08s,144,2025-07-11 07:52:03.177,2025-07-11 07:52:12.254
service,2025-07-11 07:52:13.016,3.24s,145,2025-07-11 07:52:13.016,2025-07-11 07:52:16.258
service,2025-07-11 07:52:17.202,15.06s,146,2025-07-11 07:52:17.202,2025-07-11 07:52:32.264
service,2025-07-11 07:52:32.795,12.77s,147,2025-07-11 07:52:32.795,2025-07-11 07:52:45.565
service,2025-07-11 07:52:46.532,8.34s,148,2025-07-11 07:52:46.532,2025-07-11 07:52:54.875
service,2025-07-11 07:52:57.436,28.80s,149,2025-07-11 07:52:57.436,2025-07-11 07:53:26.241
service,2025-07-11 07:53:29.021,16.06s,150,2025-07-11 07:53:29.021,2025-07-11 07:53:45.084
service,2025-07-11 07:53:46.208,12.51s,151,2025-07-11 07:53:46.208,2025-07-11 07:53:58.713
service,2025-07-11 07:53:59.620,19.18s,152,2025-07-11 07:53:59.620,2025-07-11 07:54:18.802
service,2025-07-11 07:54:19.459,13.06s,153,2025-07-11 07:54:19.459,2025-07-11 07:54:32.520
service,2025-07-11 07:54:33.308,18.52s,154,2025-07-11 07:54:33.308,2025-07-11 07:54:51.833
service,2025-07-11 07:54:54.937,21.31s,155,2025-07-11 07:54:54.937,2025-07-11 07:55:16.251
service,2025-07-11 07:55:17.390,22.66s,156,2025-07-11 07:55:17.390,2025-07-11 07:55:40.046
service,2025-07-11 07:55:40.758,7.21s,157,2025-07-11 07:55:40.758,2025-07-11 07:55:47.964
service,2025-07-11 07:55:51.749,12.15s,158,2025-07-11 07:55:51.749,2025-07-11 07:56:03.903
service,2025-07-11 07:56:06.714,8.60s,159,2025-07-11 07:56:06.714,2025-07-11 07:56:15.318
service,2025-07-11 07:56:16.937,19.25s,160,2025-07-11 07:56:16.937,2025-07-11 07:56:36.183
service,2025-07-11 07:56:44.884,8.43s,161,2025-07-11 07:56:44.884,2025-07-11 07:56:53.313
service,2025-07-11 07:56:55.623,6.19s,162,2025-07-11 07:56:55.623,2025-07-11 07:57:01.809
service,2025-07-11 07:57:03.060,10.73s,163,2025-07-11 07:57:03.060,2025-07-11 07:57:13.795
service,2025-07-11 07:57:14.342,6.10s,164,2025-07-11 07:57:14.342,2025-07-11 07:57:20.438
service,2025-07-11 07:57:22.469,7.87s,165,2025-07-11 07:57:22.469,2025-07-11 07:57:30.337
service,2025-07-11 07:57:31.991,6.96s,166,2025-07-11 07:57:31.991,2025-07-11 07:57:38.956
service,2025-07-11 07:57:40.516,9.78s,167,2025-07-11 07:57:40.516,2025-07-11 07:57:50.296
service,2025-07-11 07:57:50.860,11.95s,168,2025-07-11 07:57:50.860,2025-07-11 07:58:02.809
service,2025-07-11 07:58:03.867,5.38s,169,2025-07-11 07:58:03.867,2025-07-11 07:58:09.246
service,2025-07-11 07:58:10.343,4.54s,170,2025-07-11 07:58:10.343,2025-07-11 07:58:14.879
service,2025-07-11 07:58:18.058,6.82s,171,2025-07-11 07:58:18.058,2025-07-11 07:58:24.875
service,2025-07-11 07:58:26.212,7.50s,172,2025-07-11 07:58:26.212,2025-07-11 07:58:33.710
service,2025-07-11 07:58:35.754,14.49s,173,2025-07-11 07:58:35.754,2025-07-11 07:58:50.243
service,2025-07-11 07:58:56.734,6.60s,174,2025-07-11 07:58:56.734,2025-07-11 07:59:03.337
service,2025-07-11 07:59:05.432,42.82s,175,2025-07-11 07:59:05.432,2025-07-11 07:59:48.248
service,2025-07-11 07:59:49.174,15.07s,176,2025-07-11 07:59:49.174,2025-07-11 08:00:04.241
service,2025-07-11 08:00:05.005,6.77s,177,2025-07-11 08:00:05.005,2025-07-11 08:00:11.779
service,2025-07-11 08:00:13.040,15.73s,178,2025-07-11 08:00:13.040,2025-07-11 08:00:28.771
service,2025-07-11 08:00:30.300,5.49s,179,2025-07-11 08:00:30.300,2025-07-11 08:00:35.788
service,2025-07-11 08:00:36.508,17.45s,180,2025-07-11 08:00:36.508,2025-07-11 08:00:53.961
service,2025-07-11 08:00:54.924,7.02s,181,2025-07-11 08:00:54.924,2025-07-11 08:01:01.947
service,2025-07-11 08:01:02.686,6.23s,182,2025-07-11 08:01:02.686,2025-07-11 08:01:08.917
service,2025-07-11 08:01:09.997,10.44s,183,2025-07-11 08:01:09.997,2025-07-11 08:01:20.433
service,2025-07-11 08:01:21.127,8.08s,184,2025-07-11 08:01:21.127,2025-07-11 08:01:29.210
service,2025-07-11 08:01:30.399,16.52s,185,2025-07-11 08:01:30.399,2025-07-11 08:01:46.918
service,2025-07-11 08:01:47.827,5.20s,186,2025-07-11 08:01:47.827,2025-07-11 08:01:53.022
service,2025-07-11 08:01:54.045,6.69s,187,2025-07-11 08:01:54.045,2025-07-11 08:02:00.736
service,2025-07-11 08:02:01.220,4.93s,188,2025-07-11 08:02:01.220,2025-07-11 08:02:06.146
service,2025-07-11 08:02:08.114,28.65s,189,2025-07-11 08:02:08.114,2025-07-11 08:02:36.760
service,2025-07-11 08:02:38.185,13.63s,190,2025-07-11 08:02:38.185,2025-07-11 08:02:51.811
service,2025-07-11 08:02:52.830,6.54s,191,2025-07-11 08:02:52.830,2025-07-11 08:02:59.372
service,2025-07-11 08:02:59.961,7.32s,192,2025-07-11 08:02:59.961,2025-07-11 08:03:07.284
service,2025-07-11 08:03:08.419,16.48s,193,2025-07-11 08:03:08.419,2025-07-11 08:03:24.896
service,2025-07-11 08:03:25.701,18.14s,194,2025-07-11 08:03:25.701,2025-07-11 08:03:43.837
service,2025-07-11 08:03:44.445,9.13s,195,2025-07-11 08:03:44.445,2025-07-11 08:03:53.574
service,2025-07-11 08:03:54.132,10.21s,196,2025-07-11 08:03:54.132,2025-07-11 08:04:04.342
service,2025-07-11 08:04:06.060,8.48s,197,2025-07-11 08:04:06.060,2025-07-11 08:04:14.544
service,2025-07-11 08:04:15.638,5.99s,198,2025-07-11 08:04:15.638,2025-07-11 08:04:21.631
service,2025-07-11 08:04:22.383,19.59s,199,2025-07-11 08:04:22.383,2025-07-11 08:04:41.972
service,2025-07-11 08:04:42.741,9.35s,200,2025-07-11 08:04:42.741,2025-07-11 08:04:52.089
service,2025-07-11 08:04:52.550,4.21s,201,2025-07-11 08:04:52.550,2025-07-11 08:04:56.758
service,2025-07-11 08:04:57.682,5.48s,202,2025-07-11 08:04:57.682,2025-07-11 08:05:03.161
service,2025-07-11 08:05:03.809,8.94s,203,2025-07-11 08:05:03.809,2025-07-11 08:05:12.752
service,2025-07-11 08:05:13.255,13.01s,204,2025-07-11 08:05:13.255,2025-07-11 08:05:26.268
service,2025-07-11 08:05:31.690,13.05s,205,2025-07-11 08:05:31.690,2025-07-11 08:05:44.744
service,2025-07-11 08:05:46.159,13.84s,206,2025-07-11 08:05:46.159,2025-07-11 08:05:59.994
service,2025-07-11 08:06:01.708,10.07s,207,2025-07-11 08:06:01.708,2025-07-11 08:06:11.775
service,2025-07-11 08:06:13.365,11.15s,208,2025-07-11 08:06:13.365,2025-07-11 08:06:24.512
service,2025-07-11 08:06:27.462,11.94s,209,2025-07-11 08:06:27.462,2025-07-11 08:06:39.401
service,2025-07-11 08:06:41.768,15.13s,210,2025-07-11 08:06:41.768,2025-07-11 08:06:56.900
service,2025-07-11 08:06:57.548,6.24s,211,2025-07-11 08:06:57.548,2025-07-11 08:07:03.784
service,2025-07-11 08:07:07.574,3.44s,212,2025-07-11 08:07:07.574,2025-07-11 08:07:11.012
service,2025-07-11 08:07:11.454,8.42s,213,2025-07-11 08:07:11.454,2025-07-11 08:07:19.871
service,2025-07-11 08:07:21.608,16.29s,214,2025-07-11 08:07:21.608,2025-07-11 08:07:37.895
service,2025-07-11 08:07:47.541,5.03s,215,2025-07-11 08:07:47.541,2025-07-11 08:07:52.571
service,2025-07-11 08:07:54.269,7.63s,216,2025-07-11 08:07:54.269,2025-07-11 08:08:01.898
service,2025-07-11 08:08:14.678,6.24s,217,2025-07-11 08:08:14.678,2025-07-11 08:08:20.918
service,2025-07-11 08:08:23.460,25.84s,218,2025-07-11 08:08:23.460,2025-07-11 08:08:49.299
service,2025-07-11 08:08:49.995,43.58s,219,2025-07-11 08:08:49.995,2025-07-11 08:09:33.572
service,2025-07-11 08:09:38.158,27.15s,220,2025-07-11 08:09:38.158,2025-07-11 08:10:05.308
service,2025-07-11 08:10:08.716,21.88s,221,2025-07-11 08:10:08.716,2025-07-11 08:10:30.598
service,2025-07-11 08:10:37.386,3.59s,222,2025-07-11 08:10:37.386,2025-07-11 08:10:40.972
service,2025-07-11 08:11:02.983,4.70s,223,2025-07-11 08:11:02.983,2025-07-11 08:11:07.686
service,2025-07-11 08:11:24.626,5.30s,224,2025-07-11 08:11:24.626,2025-07-11 08:11:29.925
service,2025-07-11 08:11:30.972,8.98s,225,2025-07-11 08:11:30.972,2025-07-11 08:11:39.957
service,2025-07-11 08:11:40.461,5.51s,226,2025-07-11 08:11:40.461,2025-07-11 08:11:45.968
service,2025-07-11 08:11:46.737,4.34s,227,2025-07-11 08:11:46.737,2025-07-11 08:11:51.079
service,2025-07-11 08:11:52.537,14.64s,228,2025-07-11 08:11:52.537,2025-07-11 08:12:07.182
service,2025-07-11 08:12:10.300,6.94s,229,2025-07-11 08:12:10.300,2025-07-11 08:12:17.240
service,2025-07-11 08:12:22.225,8.62s,230,2025-07-11 08:12:22.225,2025-07-11 08:12:30.844
service,2025-07-11 08:12:32.257,4.79s,231,2025-07-11 08:12:32.257,2025-07-11 08:12:37.045
service,2025-07-11 08:12:38.348,4.46s,232,2025-07-11 08:12:38.348,2025-07-11 08:12:42.806
service,2025-07-11 08:12:43.661,7.00s,233,2025-07-11 08:12:43.661,2025-07-11 08:12:50.664
service,2025-07-11 08:12:53.934,19.16s,234,2025-07-11 08:12:53.934,2025-07-11 08:13:13.092
service,2025-07-11 08:13:14.243,9.91s,235,2025-07-11 08:13:14.243,2025-07-11 08:13:24.154
service,2025-07-11 08:13:25.462,16.53s,236,2025-07-11 08:13:25.462,2025-07-11 08:13:41.988
service,2025-07-11 08:13:42.912,13.67s,237,2025-07-11 08:13:42.912,2025-07-11 08:13:56.578
service,2025-07-11 08:13:57.011,8.81s,238,2025-07-11 08:13:57.011,2025-07-11 08:14:05.825
service,2025-07-11 08:14:06.340,7.22s,239,2025-07-11 08:14:06.340,2025-07-11 08:14:13.556
service,2025-07-11 08:14:14.039,12.99s,240,2025-07-11 08:14:14.039,2025-07-11 08:14:27.025
service,2025-07-11 08:14:28.019,5.01s,241,2025-07-11 08:14:28.019,2025-07-11 08:14:33.025
service,2025-07-11 08:14:36.089,8.13s,242,2025-07-11 08:14:36.089,2025-07-11 08:14:44.219
service,2025-07-11 08:14:45.819,6.21s,243,2025-07-11 08:14:45.819,2025-07-11 08:14:52.024
service,2025-07-11 08:14:53.456,23.91s,244,2025-07-11 08:14:53.456,2025-07-11 08:15:17.365
service,2025-07-11 08:15:17.870,17.36s,245,2025-07-11 08:15:17.870,2025-07-11 08:15:35.228
service,2025-07-11 08:15:36.165,13.21s,246,2025-07-11 08:15:36.165,2025-07-11 08:15:49.371
service,2025-07-11 08:15:49.938,7.09s,247,2025-07-11 08:15:49.938,2025-07-11 08:15:57.028
service,2025-07-11 08:15:58.203,7.56s,248,2025-07-11 08:15:58.203,2025-07-11 08:16:05.766
service,2025-07-11 08:16:06.772,6.17s,249,2025-07-11 08:16:06.772,2025-07-11 08:16:12.941
service,2025-07-11 08:16:14.085,12.53s,250,2025-07-11 08:16:14.085,2025-07-11 08:16:26.611
service,2025-07-11 08:16:27.900,6.91s,251,2025-07-11 08:16:27.900,2025-07-11 08:16:34.812
service,2025-07-11 08:16:36.512,8.75s,252,2025-07-11 08:16:36.512,2025-07-11 08:16:45.264
service,2025-07-11 08:16:46.931,4.55s,253,2025-07-11 08:16:46.931,2025-07-11 08:16:51.478
service,2025-07-11 08:16:55.142,7.56s,254,2025-07-11 08:16:55.142,2025-07-11 08:17:02.706
service,2025-07-11 08:17:03.358,18.53s,255,2025-07-11 08:17:03.358,2025-07-11 08:17:21.885
service,2025-07-11 08:17:23.400,21.83s,256,2025-07-11 08:17:23.400,2025-07-11 08:17:45.234
service,2025-07-11 08:17:46.048,15.28s,257,2025-07-11 08:17:46.048,2025-07-11 08:18:01.328
service,2025-07-11 08:18:01.668,3.48s,258,2025-07-11 08:18:01.668,2025-07-11 08:18:05.144
service,2025-07-11 08:18:06.037,15.60s,259,2025-07-11 08:18:06.037,2025-07-11 08:18:21.636
service,2025-07-11 08:18:25.657,38.87s,260,2025-07-11 08:18:25.657,2025-07-11 08:19:04.529
service,2025-07-11 08:19:05.366,11.84s,261,2025-07-11 08:19:05.366,2025-07-11 08:19:17.205
service,2025-07-11 08:19:18.216,17.16s,262,2025-07-11 08:19:18.216,2025-07-11 08:19:35.373
service,2025-07-11 08:19:38.522,10.43s,263,2025-07-11 08:19:38.522,2025-07-11 08:19:48.952
service,2025-07-11 08:19:53.367,8.32s,264,2025-07-11 08:19:53.367,2025-07-11 08:20:01.685
service,2025-07-11 08:20:03.004,11.26s,265,2025-07-11 08:20:03.004,2025-07-11 08:20:14.259
service,2025-07-11 08:20:15.033,31.98s,266,2025-07-11 08:20:15.033,2025-07-11 08:20:47.015
service,2025-07-11 08:20:48.183,7.57s,267,2025-07-11 08:20:48.183,2025-07-11 08:20:55.755
service,2025-07-11 08:20:57.112,12.18s,268,2025-07-11 08:20:57.112,2025-07-11 08:21:09.291
service,2025-07-11 08:21:09.769,15.36s,269,2025-07-11 08:21:09.769,2025-07-11 08:21:25.129
service,2025-07-11 08:21:26.048,10.88s,270,2025-07-11 08:21:26.048,2025-07-11 08:21:36.933
service,2025-07-11 08:21:37.991,6.96s,271,2025-07-11 08:21:37.991,2025-07-11 08:21:44.952
service,2025-07-11 08:21:46.431,19.91s,272,2025-07-11 08:21:46.431,2025-07-11 08:22:06.340
service,2025-07-11 08:22:08.337,6.42s,273,2025-07-11 08:22:08.337,2025-07-11 08:22:14.754
service,2025-07-11 08:22:16.806,10.42s,274,2025-07-11 08:22:16.806,2025-07-11 08:22:27.226
service,2025-07-11 08:22:28.383,16.07s,275,2025-07-11 08:22:28.383,2025-07-11 08:22:44.452
service,2025-07-11 08:22:45.547,2.95s,276,2025-07-11 08:22:45.547,2025-07-11 08:22:48.495
service,2025-07-11 08:22:49.398,2.83s,277,2025-07-11 08:22:49.398,2025-07-11 08:22:52.225
service,2025-07-11 08:22:53.368,8.74s,278,2025-07-11 08:22:53.368,2025-07-11 08:23:02.105
service,2025-07-11 08:23:03.382,12.74s,279,2025-07-11 08:23:03.382,2025-07-11 08:23:16.125
service,2025-07-11 08:23:16.928,8.44s,280,2025-07-11 08:23:16.928,2025-07-11 08:23:25.367
service,2025-07-11 08:23:26.451,8.37s,281,2025-07-11 08:23:26.451,2025-07-11 08:23:34.820
service,2025-07-11 08:23:35.990,8.34s,282,2025-07-11 08:23:35.990,2025-07-11 08:23:44.328
service,2025-07-11 08:23:45.139,5.19s,283,2025-07-11 08:23:45.139,2025-07-11 08:23:50.328
service,2025-07-11 08:23:51.241,6.98s,284,2025-07-11 08:23:51.241,2025-07-11 08:23:58.221
service,2025-07-11 08:23:59.829,9.44s,285,2025-07-11 08:23:59.829,2025-07-11 08:24:09.264
service,2025-07-11 08:24:10.273,6.21s,286,2025-07-11 08:24:10.273,2025-07-11 08:24:16.480
service,2025-07-11 08:24:17.151,5.79s,287,2025-07-11 08:24:17.151,2025-07-11 08:24:22.941
service,2025-07-11 08:24:25.436,12.46s,288,2025-07-11 08:24:25.436,2025-07-11 08:24:37.897
service,2025-07-11 08:24:38.598,5.71s,289,2025-07-11 08:24:38.598,2025-07-11 08:24:44.308
service,2025-07-11 08:24:45.391,10.70s,290,2025-07-11 08:24:45.391,2025-07-11 08:24:56.091
service,2025-07-11 08:24:57.456,23.23s,291,2025-07-11 08:24:57.456,2025-07-11 08:25:20.687
service,2025-07-11 08:25:21.945,12.79s,292,2025-07-11 08:25:21.945,2025-07-11 08:25:34.740
service,2025-07-11 08:25:35.726,15.70s,293,2025-07-11 08:25:35.726,2025-07-11 08:25:51.426
service,2025-07-11 08:25:52.749,15.45s,294,2025-07-11 08:25:52.749,2025-07-11 08:26:08.196
service,2025-07-11 08:26:08.943,6.38s,295,2025-07-11 08:26:08.943,2025-07-11 08:26:15.319
service,2025-07-11 08:26:16.284,11.17s,296,2025-07-11 08:26:16.284,2025-07-11 08:26:27.456
service,2025-07-11 08:26:34.892,12.83s,297,2025-07-11 08:26:34.892,2025-07-11 08:26:47.719
service,2025-07-11 08:26:48.355,2.47s,298,2025-07-11 08:26:48.355,2025-07-11 08:26:50.823
service,2025-07-11 08:26:54.352,15.51s,299,2025-07-11 08:26:54.352,2025-07-11 08:27:09.859
service,2025-07-11 08:27:10.742,7.76s,300,2025-07-11 08:27:10.742,2025-07-11 08:27:18.500
service,2025-07-11 08:27:20.082,7.61s,301,2025-07-11 08:27:20.082,2025-07-11 08:27:27.690
service,2025-07-11 08:27:33.978,9.08s,302,2025-07-11 08:27:33.978,2025-07-11 08:27:43.055
service,2025-07-11 08:27:43.951,6.75s,303,2025-07-11 08:27:43.951,2025-07-11 08:27:50.705
service,2025-07-11 08:27:52.361,17.10s,304,2025-07-11 08:27:52.361,2025-07-11 08:28:09.463
service,2025-07-11 08:28:10.063,7.92s,305,2025-07-11 08:28:10.063,2025-07-11 08:28:17.981
service,2025-07-11 08:28:19.167,16.04s,306,2025-07-11 08:28:19.167,2025-07-11 08:28:35.207
service,2025-07-11 08:28:35.837,6.88s,307,2025-07-11 08:28:35.837,2025-07-11 08:28:42.722
service,2025-07-11 08:28:43.346,8.55s,308,2025-07-11 08:28:43.346,2025-07-11 08:28:51.899
service,2025-07-11 08:28:52.669,35.19s,309,2025-07-11 08:28:52.669,2025-07-11 08:29:27.862
service,2025-07-11 08:29:29.587,12.89s,310,2025-07-11 08:29:29.587,2025-07-11 08:29:42.474
service,2025-07-11 08:29:43.141,15.21s,311,2025-07-11 08:29:43.141,2025-07-11 08:29:58.352
service,2025-07-11 08:29:59.201,7.23s,312,2025-07-11 08:29:59.201,2025-07-11 08:30:06.428
service,2025-07-11 08:30:07.502,5.00s,313,2025-07-11 08:30:07.502,2025-07-11 08:30:12.500
service,2025-07-11 08:30:14.127,12.78s,314,2025-07-11 08:30:14.127,2025-07-11 08:30:26.903
service,2025-07-11 08:30:30.427,22.84s,315,2025-07-11 08:30:30.427,2025-07-11 08:30:53.267
service,2025-07-11 08:30:55.140,18.22s,316,2025-07-11 08:30:55.140,2025-07-11 08:31:13.357
service,2025-07-11 08:31:14.071,17.16s,317,2025-07-11 08:31:14.071,2025-07-11 08:31:31.231
service,2025-07-11 08:31:32.190,11.27s,318,2025-07-11 08:31:32.190,2025-07-11 08:31:43.464
service,2025-07-11 08:31:44.180,18.42s,319,2025-07-11 08:31:44.180,2025-07-11 08:32:02.600
service,2025-07-11 08:32:05.994,8.92s,320,2025-07-11 08:32:05.994,2025-07-11 08:32:14.916
service,2025-07-11 08:32:15.972,8.43s,321,2025-07-11 08:32:15.972,2025-07-11 08:32:24.400
service,2025-07-11 08:32:27.738,9.94s,322,2025-07-11 08:32:27.738,2025-07-11 08:32:37.680
service,2025-07-11 08:32:38.610,5.43s,323,2025-07-11 08:32:38.610,2025-07-11 08:32:44.038
service,2025-07-11 08:32:44.630,13.78s,324,2025-07-11 08:32:44.630,2025-07-11 08:32:58.414
service,2025-07-11 08:32:59.503,21.96s,325,2025-07-11 08:32:59.503,2025-07-11 08:33:21.468
service,2025-07-11 08:33:21.959,13.56s,326,2025-07-11 08:33:21.959,2025-07-11 08:33:35.520
service,2025-07-11 08:33:37.068,11.65s,327,2025-07-11 08:33:37.068,2025-07-11 08:33:48.719
service,2025-07-11 08:33:50.088,8.35s,328,2025-07-11 08:33:50.088,2025-07-11 08:33:58.433
service,2025-07-11 08:33:59.837,10.53s,329,2025-07-11 08:33:59.837,2025-07-11 08:34:10.366
service,2025-07-11 08:34:13.701,7.23s,330,2025-07-11 08:34:13.701,2025-07-11 08:34:20.928
service,2025-07-11 08:34:23.317,25.73s,331,2025-07-11 08:34:23.317,2025-07-11 08:34:49.050
service,2025-07-11 08:34:49.682,4.94s,332,2025-07-11 08:34:49.682,2025-07-11 08:34:54.619
service,2025-07-11 08:34:57.696,7.20s,333,2025-07-11 08:34:57.696,2025-07-11 08:35:04.899
service,2025-07-11 08:35:08.128,8.44s,334,2025-07-11 08:35:08.128,2025-07-11 08:35:16.564
service,2025-07-11 08:35:17.133,5.56s,335,2025-07-11 08:35:17.133,2025-07-11 08:35:22.695
service,2025-07-11 08:35:23.364,5.84s,336,2025-07-11 08:35:23.364,2025-07-11 08:35:29.205
service,2025-07-11 08:35:30.827,4.09s,337,2025-07-11 08:35:30.827,2025-07-11 08:35:34.919
service,2025-07-11 08:35:35.498,7.05s,338,2025-07-11 08:35:35.498,2025-07-11 08:35:42.547
service,2025-07-11 08:35:43.532,10.78s,339,2025-07-11 08:35:43.532,2025-07-11 08:35:54.315
service,2025-07-11 08:35:55.474,10.49s,340,2025-07-11 08:35:55.474,2025-07-11 08:36:05.968
service,2025-07-11 08:36:08.480,7.27s,341,2025-07-11 08:36:08.480,2025-07-11 08:36:15.749
service,2025-07-11 08:36:16.243,9.13s,342,2025-07-11 08:36:16.243,2025-07-11 08:36:25.368
service,2025-07-11 08:36:28.194,19.10s,343,2025-07-11 08:36:28.194,2025-07-11 08:36:47.292
service,2025-07-11 08:36:49.234,12.18s,344,2025-07-11 08:36:49.234,2025-07-11 08:37:01.412
service,2025-07-11 08:37:02.455,14.69s,345,2025-07-11 08:37:02.455,2025-07-11 08:37:17.149
service,2025-07-11 08:37:17.850,11.16s,346,2025-07-11 08:37:17.850,2025-07-11 08:37:29.011
service,2025-07-11 08:37:29.608,18.80s,347,2025-07-11 08:37:29.608,2025-07-11 08:37:48.405
service,2025-07-11 08:37:49.039,28.29s,348,2025-07-11 08:37:49.039,2025-07-11 08:38:17.333
service,2025-07-11 08:38:21.902,11.27s,349,2025-07-11 08:38:21.902,2025-07-11 08:38:33.169
service,2025-07-11 08:38:35.390,8.25s,350,2025-07-11 08:38:35.390,2025-07-11 08:38:43.638
service,2025-07-11 08:38:44.381,9.24s,351,2025-07-11 08:38:44.381,2025-07-11 08:38:53.622
service,2025-07-11 08:38:54.378,6.13s,352,2025-07-11 08:38:54.378,2025-07-11 08:39:00.506
service,2025-07-11 08:39:02.688,5.48s,353,2025-07-11 08:39:02.688,2025-07-11 08:39:08.167
service,2025-07-11 08:39:08.964,6.71s,354,2025-07-11 08:39:08.964,2025-07-11 08:39:15.669
service,2025-07-11 08:39:16.772,18.73s,355,2025-07-11 08:39:16.772,2025-07-11 08:39:35.499
service,2025-07-11 08:39:36.794,10.58s,356,2025-07-11 08:39:36.794,2025-07-11 08:39:47.376
service,2025-07-11 08:39:48.056,4.88s,357,2025-07-11 08:39:48.056,2025-07-11 08:39:52.938
service,2025-07-11 08:39:53.691,5.55s,358,2025-07-11 08:39:53.691,2025-07-11 08:39:59.243
service,2025-07-11 08:40:00.163,5.21s,359,2025-07-11 08:40:00.163,2025-07-11 08:40:05.371
service,2025-07-11 08:40:07.615,5.34s,360,2025-07-11 08:40:07.615,2025-07-11 08:40:12.958
service,2025-07-11 08:40:13.947,6.25s,361,2025-07-11 08:40:13.947,2025-07-11 08:40:20.197
service,2025-07-11 08:40:58.845,4.35s,362,2025-07-11 08:40:58.845,2025-07-11 08:41:03.192
service,2025-07-11 08:41:13.369,10.78s,363,2025-07-11 08:41:13.369,2025-07-11 08:41:24.153
service,2025-07-11 08:41:46.564,11.44s,364,2025-07-11 08:41:46.564,2025-07-11 08:41:58.003
service,2025-07-11 08:41:59.834,6.89s,365,2025-07-11 08:41:59.834,2025-07-11 08:42:06.726
service,2025-07-11 08:42:17.040,4.92s,366,2025-07-11 08:42:17.040,2025-07-11 08:42:21.960
service,2025-07-11 08:42:27.506,18.00s,367,2025-07-11 08:42:27.506,2025-07-11 08:42:45.507
service,2025-07-11 08:42:47.581,5.08s,368,2025-07-11 08:42:47.581,2025-07-11 08:42:52.658
service,2025-07-11 08:42:54.437,15.85s,369,2025-07-11 08:42:54.437,2025-07-11 08:43:10.282
service,2025-07-11 08:43:16.087,1.48s,370,2025-07-11 08:43:16.087,2025-07-11 08:43:17.568
service,2025-07-11 08:43:24.836,11.43s,371,2025-07-11 08:43:24.836,2025-07-11 08:43:36.265
service,2025-07-11 08:43:38.447,13.74s,372,2025-07-11 08:43:38.447,2025-07-11 08:43:52.185
service,2025-07-11 08:43:54.204,6.86s,373,2025-07-11 08:43:54.204,2025-07-11 08:44:01.065
service,2025-07-11 08:44:01.842,16.70s,374,2025-07-11 08:44:01.842,2025-07-11 08:44:18.539
service,2025-07-11 08:44:19.908,12.69s,375,2025-07-11 08:44:19.908,2025-07-11 08:44:32.597
service,2025-07-11 08:44:34.584,16.21s,376,2025-07-11 08:44:34.584,2025-07-11 08:44:50.799
service,2025-07-11 08:44:52.380,5.91s,377,2025-07-11 08:44:52.380,2025-07-11 08:44:58.287
service,2025-07-11 08:44:59.734,11.53s,378,2025-07-11 08:44:59.734,2025-07-11 08:45:11.263
service,2025-07-11 08:45:12.511,3.48s,379,2025-07-11 08:45:12.511,2025-07-11 08:45:15.989
service,2025-07-11 08:45:16.856,6.22s,380,2025-07-11 08:45:16.856,2025-07-11 08:45:23.073
service,2025-07-11 08:45:25.505,7.45s,381,2025-07-11 08:45:25.505,2025-07-11 08:45:32.953
service,2025-07-11 08:45:35.880,7.38s,382,2025-07-11 08:45:35.880,2025-07-11 08:45:43.260
service,2025-07-11 08:45:45.356,17.13s,383,2025-07-11 08:45:45.356,2025-07-11 08:46:02.484
service,2025-07-11 08:46:03.201,7.07s,384,2025-07-11 08:46:03.201,2025-07-11 08:46:10.267
service,2025-07-11 08:46:11.324,3.42s,385,2025-07-11 08:46:11.324,2025-07-11 08:46:14.746
service,2025-07-11 08:46:16.419,10.99s,386,2025-07-11 08:46:16.419,2025-07-11 08:46:27.407
service,2025-07-11 08:46:31.441,18.58s,387,2025-07-11 08:46:31.441,2025-07-11 08:46:50.019
service,2025-07-11 08:46:53.802,4.56s,388,2025-07-11 08:46:53.802,2025-07-11 08:46:58.365
service,2025-07-11 08:47:00.134,6.05s,389,2025-07-11 08:47:00.134,2025-07-11 08:47:06.180
service,2025-07-11 08:47:10.153,6.37s,390,2025-07-11 08:47:10.153,2025-07-11 08:47:16.522
service,2025-07-11 08:47:18.110,12.39s,391,2025-07-11 08:47:18.110,2025-07-11 08:47:30.498
service,2025-07-11 08:47:31.240,6.29s,392,2025-07-11 08:47:31.240,2025-07-11 08:47:37.529
service,2025-07-11 08:47:38.701,7.03s,393,2025-07-11 08:47:38.701,2025-07-11 08:47:45.726
service,2025-07-11 08:47:46.505,11.55s,394,2025-07-11 08:47:46.505,2025-07-11 08:47:58.059
service,2025-07-11 08:48:07.055,14.36s,395,2025-07-11 08:48:07.055,2025-07-11 08:48:21.412
service,2025-07-11 08:48:50.947,13.24s,396,2025-07-11 08:48:50.947,2025-07-11 08:49:04.191
service,2025-07-11 08:49:05.640,7.76s,397,2025-07-11 08:49:05.640,2025-07-11 08:49:13.401
service,2025-07-11 08:49:26.330,12.34s,398,2025-07-11 08:49:26.330,2025-07-11 08:49:38.666
service,2025-07-11 08:49:40.854,4.63s,399,2025-07-11 08:49:40.854,2025-07-11 08:49:45.487
service,2025-07-11 08:49:46.244,4.68s,400,2025-07-11 08:49:46.244,2025-07-11 08:49:50.924
service,2025-07-11 08:49:52.468,7.74s,401,2025-07-11 08:49:52.468,2025-07-11 08:50:00.211
service,2025-07-11 08:50:00.763,6.63s,402,2025-07-11 08:50:00.763,2025-07-11 08:50:07.395
service,2025-07-11 08:50:08.263,10.66s,403,2025-07-11 08:50:08.263,2025-07-11 08:50:18.927
service,2025-07-11 08:50:29.599,6.41s,404,2025-07-11 08:50:29.599,2025-07-11 08:50:36.008
service,2025-07-11 08:50:37.120,6.09s,405,2025-07-11 08:50:37.120,2025-07-11 08:50:43.209
service,2025-07-11 08:50:45.100,2.92s,406,2025-07-11 08:50:45.100,2025-07-11 08:50:48.023
service,2025-07-11 08:50:51.017,13.38s,407,2025-07-11 08:50:51.017,2025-07-11 08:51:04.395
service,2025-07-11 08:51:30.709,4.91s,408,2025-07-11 08:51:30.709,2025-07-11 08:51:35.614
service,2025-07-11 08:51:36.914,19.41s,409,2025-07-11 08:51:36.914,2025-07-11 08:51:56.329
service,2025-07-11 08:52:00.230,10.78s,410,2025-07-11 08:52:00.230,2025-07-11 08:52:11.014
service,2025-07-11 08:52:12.104,13.47s,411,2025-07-11 08:52:12.104,2025-07-11 08:52:25.573
service,2025-07-11 08:52:26.735,8.36s,412,2025-07-11 08:52:26.735,2025-07-11 08:52:35.093
service,2025-07-11 08:52:35.954,8.02s,413,2025-07-11 08:52:35.954,2025-07-11 08:52:43.978
service,2025-07-11 08:52:44.747,8.35s,414,2025-07-11 08:52:44.747,2025-07-11 08:52:53.096
service,2025-07-11 08:52:53.915,6.24s,415,2025-07-11 08:52:53.915,2025-07-11 08:53:00.158
service,2025-07-11 08:53:00.990,9.83s,416,2025-07-11 08:53:00.990,2025-07-11 08:53:10.818
service,2025-07-11 08:53:12.581,4.72s,417,2025-07-11 08:53:12.581,2025-07-11 08:53:17.304
service,2025-07-11 08:53:19.204,6.44s,418,2025-07-11 08:53:19.204,2025-07-11 08:53:25.648
service,2025-07-11 08:53:27.079,7.77s,419,2025-07-11 08:53:27.079,2025-07-11 08:53:34.845
service,2025-07-11 08:53:35.826,10.87s,420,2025-07-11 08:53:35.826,2025-07-11 08:53:46.692
service,2025-07-11 08:53:47.741,11.81s,421,2025-07-11 08:53:47.741,2025-07-11 08:53:59.549
service,2025-07-11 08:54:00.023,8.43s,422,2025-07-11 08:54:00.023,2025-07-11 08:54:08.454
service,2025-07-11 08:54:09.368,11.16s,423,2025-07-11 08:54:09.368,2025-07-11 08:54:20.530
service,2025-07-11 08:54:21.442,9.54s,424,2025-07-11 08:54:21.442,2025-07-11 08:54:30.977
service,2025-07-11 08:54:31.967,9.29s,425,2025-07-11 08:54:31.967,2025-07-11 08:54:41.255
service,2025-07-11 08:54:42.374,8.73s,426,2025-07-11 08:54:42.374,2025-07-11 08:54:51.106
service,2025-07-11 08:54:51.942,5.67s,427,2025-07-11 08:54:51.942,2025-07-11 08:54:57.617
service,2025-07-11 08:54:58.767,3.75s,428,2025-07-11 08:54:58.767,2025-07-11 08:55:02.519
